Clave,Descripción
27737802,27737802 - Inducción Organizacional.  [ 07/05/2025 - 07/05/2025]  Duración:8 Hrs.
27737801,27737801 - Inducción Organizacional.  [ 26/05/2025 - 26/05/2025]  Duración:8 Hrs.
27737800,27737800 - Inducción Organizacional.  [ 12/05/2025 - 12/05/2025]  Duración:8 Hrs.
27737796,27737796 - MEDIDAS DE SEGURIDAD EN TRABAJO EN ALTURAS.  [ 06/05/2025 - 07/05/2025]  Duración:16 Hrs.
27737795,27737795 - MEDIDAS DE SEGURIDAD EN TRABAJO ELÉCTRICO.  [ 03/05/2025 - 05/05/2025]  Duración:16 Hrs.
27737794,27737794 - Inducción a la Seguridad e Higiene.  [ 02/05/2025 - 02/05/2025]  Duración:16 Hrs.
27737793,27737793 - MANEJO DE CUERDAS Y NUDOS.  [ 31/05/2025 - 02/06/2025]  Duración:16 Hrs.
27737792,27737792 - MEDIDAS DE SEGURIDAD EN TRABAJO ELÉCTRICO.  [ 27/05/2025 - 28/05/2025]  Duración:16 Hrs.
27737791,27737791 - MEDIDAS DE SEGURIDAD EN TRABAJO ELÉCTRICO.  [ 26/05/2025 - 27/05/2025]  Duración:16 Hrs.
27737790,27737790 - MANEJO DE CUERDAS Y NUDOS.  [ 27/05/2025 - 28/05/2025]  Duración:16 Hrs.
27737789,27737789 - MEDIDAS DE SEGURIDAD EN TRABAJO ELÉCTRICO.  [ 17/05/2025 - 19/05/2025]  Duración:16 Hrs.
27737788,27737788 - MEDIDAS DE SEGURIDAD EN TRABAJO ELÉCTRICO.  [ 13/05/2025 - 14/05/2025]  Duración:16 Hrs.
27737787,27737787 - MANEJO DE CUERDAS Y NUDOS.  [ 08/05/2025 - 09/05/2025]  Duración:16 Hrs.
27737786,27737786 - MEDIDAS DE SEGURIDAD EN TRABAJO EN ALTURAS.  [ 15/05/2025 - 16/05/2025]  Duración:16 Hrs.
27737785,27737785 - Inducción a la Seguridad e Higiene.  [ 07/05/2025 - 07/05/2025]  Duración:8 Hrs.
27737784,27737784 - MEDIDAS DE SEGURIDAD EN TRABAJO EN ALTURAS.  [ 29/05/2025 - 30/05/2025]  Duración:16 Hrs.
27737783,27737783 - Inducción a la Seguridad e Higiene.  [ 12/05/2025 - 12/05/2025]  Duración:8 Hrs.
27737782,27737782 - MEDIDAS DE SEGURIDAD EN TRABAJO ELÉCTRICO.  [ 31/05/2025 - 02/06/2025]  Duración:16 Hrs.
27737781,27737781 - Inducción a la Seguridad e Higiene.  [ 26/05/2025 - 26/05/2025]  Duración:8 Hrs.
27737780,27737780 - MANEJO DE CUERDAS Y NUDOS.  [ 13/05/2025 - 14/05/2025]  Duración:16 Hrs.
27737779,27737779 - MEDIDAS DE SEGURIDAD EN TRABAJO EN ALTURAS.  [ 10/05/2025 - 12/05/2025]  Duración:16 Hrs.
27732560,27732560 - Inducción a la Seguridad e Higiene.  [ 15/04/2025 - 15/04/2025]  Duración:8 Hrs.
27732559,27732559 - MANEJO DE CUERDAS Y NUDOS.  [ 04/04/2025 - 05/04/2025]  Duración:16 Hrs.
27732558,27732558 - MANEJO DE CUERDAS Y NUDOS.  [ 11/04/2025 - 12/04/2025]  Duración:16 Hrs.
27732557,27732557 - MEDIDAS DE SEGURIDAD EN TRABAJO ELÉCTRICO.  [ 16/04/2025 - 17/04/2025]  Duración:16 Hrs.
27732556,27732556 - Inducción a la Seguridad e Higiene.  [ 03/04/2025 - 03/04/2025]  Duración:8 Hrs.
27732555,27732555 - MEDIDAS DE SEGURIDAD EN TRABAJO EN ALTURAS.  [ 18/04/2025 - 19/04/2025]  Duración:16 Hrs.
27732554,27732554 - MEDIDAS DE SEGURIDAD EN TRABAJO EN ALTURAS.  [ 28/04/2025 - 29/04/2025]  Duración:16 Hrs.
27732553,27732553 - MEDIDAS DE SEGURIDAD EN TRABAJO ELÉCTRICO.  [ 09/04/2025 - 10/04/2025]  Duración:16 Hrs.
27732552,27732552 - Inducción a la Seguridad e Higiene.  [ 24/04/2025 - 24/04/2025]  Duración:8 Hrs.
27732551,27732551 - MEDIDAS DE SEGURIDAD EN TRABAJO ELÉCTRICO.  [ 21/04/2025 - 22/04/2025]  Duración:16 Hrs.
27732550,27732550 - MANEJO DE CUERDAS Y NUDOS.  [ 25/04/2025 - 26/04/2025]  Duración:16 Hrs.
27732549,27732549 - MANEJO DE CUERDAS Y NUDOS.  [ 16/04/2025 - 17/04/2025]  Duración:16 Hrs.
27732548,27732548 - MEDIDAS DE SEGURIDAD EN TRABAJO EN ALTURAS.  [ 14/04/2025 - 15/04/2025]  Duración:16 Hrs.
27732547,27732547 - Inducción a la Seguridad e Higiene.  [ 08/04/2025 - 08/04/2025]  Duración:8 Hrs.
27732546,27732546 - MEDIDAS DE SEGURIDAD EN TRABAJO EN ALTURAS.  [ 07/04/2025 - 08/04/2025]  Duración:16 Hrs.
27732545,27732545 - MEDIDAS DE SEGURIDAD EN TRABAJO ELÉCTRICO.  [ 14/04/2025 - 15/04/2025]  Duración:16 Hrs.
27732544,27732544 - MANEJO DE CUERDAS Y NUDOS.  [ 09/04/2025 - 10/04/2025]  Duración:16 Hrs.
27732543,27732543 - Inducción a la Seguridad e Higiene.  [ 10/04/2025 - 10/04/2025]  Duración:8 Hrs.
27732542,27732542 - MEDIDAS DE SEGURIDAD EN TRABAJO EN ALTURAS.  [ 11/04/2025 - 12/04/2025]  Duración:16 Hrs.
27732541,27732541 - MEDIDAS DE SEGURIDAD EN TRABAJO ELÉCTRICO.  [ 30/04/2025 - 01/05/2025]  Duración:16 Hrs.
27420780,27420780 - MEDIDAS DE SEGURIDAD EN TRABAJO ELÉCTRICO.  [ 08/04/2025 - 09/04/2025]  Duración:16 Hrs.
27420779,27420779 - MEDIDAS DE SEGURIDAD EN TRABAJO ELÉCTRICO.  [ 15/04/2025 - 16/04/2024]  Duración:16 Hrs.
27420778,27420778 - MEDIDAS DE SEGURIDAD EN TRABAJO EN ALTURAS.  [ 05/04/2025 - 06/04/2025]  Duración:16 Hrs.
27420777,27420777 - Cuerdas y nudos.  [ 03/04/2025 - 04/04/2025]  Duración:16 Hrs.
27420776,27420776 - Cuerdas y nudos.  [ 15/04/2025 - 16/04/2025]  Duración:16 Hrs.
27420775,27420775 - Inducción a la Seguridad e Higiene.  [ 09/04/2025 - 09/04/2024]  Duración:8 Hrs.
27420774,27420774 - MEDIDAS DE SEGURIDAD EN TRABAJO EN ALTURAS.  [ 17/04/2025 - 18/04/2025]  Duración:16 Hrs.
27420773,27420773 - MANEJO DE CUERDAS Y NUDOS.  [ 10/04/2025 - 11/04/2025]  Duración:16 Hrs.
27420772,27420772 - MEDIDAS DE SEGURIDAD EN TRABAJO ELÉCTRICO.  [ 19/04/2025 - 21/04/2025]  Duración:16 Hrs.
27420771,27420771 - MEDIDAS DE SEGURIDAD EN TRABAJO ELÉCTRICO.  [ 01/04/2025 - 02/04/2025]  Duración:16 Hrs.
27420770,27420770 - Inducción a la Seguridad e Higiene.  [ 30/04/2025 - 30/04/2025]  Duración:8 Hrs.
27420769,27420769 - MEDIDAS DE SEGURIDAD EN TRABAJO EN ALTURAS.  [ 12/04/2025 - 14/04/2025]  Duración:16 Hrs.
27420768,27420768 - Cuerdas y nudos.  [ 24/04/2025 - 25/04/2025]  Duración:16 Hrs.
27420767,27420767 - MEDIDAS DE SEGURIDAD EN TRABAJO EN ALTURAS.  [ 29/04/2025 - 30/04/2025]  Duración:16 Hrs.
27420766,27420766 - Inducción a la Seguridad e Higiene.  [ 07/04/2025 - 07/04/2025]  Duración:8 Hrs.
27420765,27420765 - Cuerdas y nudos.  [ 10/04/2025 - 11/04/2025]  Duración:16 Hrs.
27420764,27420764 - MEDIDAS DE SEGURIDAD EN TRABAJO ELÉCTRICO.  [ 29/04/2025 - 30/04/2025]  Duración:16 Hrs.
27420763,27420763 - MANEJO DE CUERDAS Y NUDOS.  [ 08/04/2025 - 09/04/2025]  Duración:16 Hrs.
27420762,27420762 - Inducción a la Seguridad e Higiene.  [ 23/04/2025 - 23/04/2025]  Duración:8 Hrs.
27420761,27420761 - Inducción a la Seguridad e Higiene.  [ 09/04/2025 - 09/04/2025]  Duración:8 Hrs.
27420760,27420760 - Inducción a la Seguridad e Higiene.  [ 14/04/2025 - 14/04/2025]  Duración:8 Hrs.
27420759,27420759 - MEDIDAS DE SEGURIDAD EN TRABAJO ELÉCTRICO.  [ 12/04/2025 - 14/04/2025]  Duración:16 Hrs.
27420758,27420758 - MEDIDAS DE SEGURIDAD EN TRABAJO EN ALTURAS.  [ 26/04/2025 - 28/04/2025]  Duración:16 Hrs.
27420757,27420757 - Inducción a la Seguridad e Higiene.  [ 02/04/2025 - 02/04/2025]  Duración:8 Hrs.
27420756,27420756 - MEDIDAS DE SEGURIDAD EN TRABAJO EN ALTURAS.  [ 10/04/2025 - 11/04/2025]  Duración:16 Hrs.
27420755,27420755 - MANEJO DE CUERDAS Y NUDOS.  [ 24/04/2025 - 25/04/2025]  Duración:16 Hrs.
27420754,27420754 - MEDIDAS DE SEGURIDAD EN TRABAJO ELÉCTRICO.  [ 15/04/2025 - 16/04/2025]  Duración:16 Hrs.
27420415,27420415 - Inducción Organizacional.  [ 07/04/2025 - 07/04/2025]  Duración:8 Hrs.
27420414,27420414 - Inducción Organizacional.  [ 23/04/2025 - 23/04/2025]  Duración:8 Hrs.
27420413,27420413 - Inducción Organizacional.  [ 30/04/2025 - 30/04/2025]  Duración:8 Hrs.
27420412,27420412 - Inducción Organizacional.  [ 14/04/2025 - 14/04/2025]  Duración:8 Hrs.
27420411,27420411 - Inducción Organizacional.  [ 09/04/2025 - 09/04/2025]  Duración:8 Hrs.
27272173,27272173 - MANEJO DE CUERDAS Y NUDOS.  [ 25/03/2025 - 26/03/2025]  Duración:16 Hrs.
27272172,27272172 - MEDIDAS DE SEGURIDAD EN TRABAJO ELÉCTRICO.  [ 24/03/2025 - 25/03/2025]  Duración:16 Hrs.
27272171,27272171 - MANEJO DE CUERDAS Y NUDOS.  [ 06/03/2025 - 07/03/2025]  Duración:16 Hrs.
27272170,27272170 - MEDIDAS DE SEGURIDAD EN TRABAJO EN ALTURAS.  [ 21/03/2025 - 22/03/2025]  Duración:16 Hrs.
27272169,27272169 - MEDIDAS DE SEGURIDAD EN TRABAJO ELÉCTRICO.  [ 12/03/2025 - 13/03/2025]  Duración:16 Hrs.
27272168,27272168 - MEDIDAS DE SEGURIDAD EN TRABAJO ELÉCTRICO.  [ 11/03/2025 - 12/03/2025]  Duración:16 Hrs.
27272167,27272167 - MEDIDAS DE SEGURIDAD EN TRABAJO ELÉCTRICO.  [ 19/03/2025 - 20/03/2025]  Duración:16 Hrs.
27272166,27272166 - MANEJO DE CUERDAS Y NUDOS.  [ 27/03/2025 - 28/03/2025]  Duración:16 Hrs.
27272165,27272165 - MEDIDAS DE SEGURIDAD EN TRABAJO ELÉCTRICO.  [ 03/03/2025 - 04/03/2025]  Duración:16 Hrs.
27272164,27272164 - MANEJO DE CUERDAS Y NUDOS.  [ 19/03/2025 - 20/03/2025]  Duración:16 Hrs.
27272163,27272163 - MEDIDAS DE SEGURIDAD EN TRABAJO ELÉCTRICO.  [ 29/03/2025 - 31/03/2025]  Duración:16 Hrs.
27272162,27272162 - Inducción a la Seguridad e Higiene.  [ 18/03/2025 - 18/03/2025]  Duración:8 Hrs.
27272161,27272161 - MANEJO DE CUERDAS Y NUDOS.  [ 21/03/2025 - 22/03/2025]  Duración:16 Hrs.
27272160,27272160 - MEDIDAS DE SEGURIDAD EN TRABAJO ELÉCTRICO.  [ 18/03/2025 - 19/03/2025]  Duración:16 Hrs.
27272159,27272159 - MANEJO DE CUERDAS Y NUDOS.  [ 07/03/2025 - 08/03/2025]  Duración:16 Hrs.
27272158,27272158 - Inducción a la Seguridad e Higiene.  [ 18/03/2025 - 18/03/2024]  Duración:8 Hrs.
27272157,27272157 - Inducción a la Seguridad e Higiene.  [ 26/03/2025 - 26/03/2025]  Duración:8 Hrs.
27272156,27272156 - MANEJO DE CUERDAS Y NUDOS.  [ 11/03/2025 - 12/03/2025]  Duración:16 Hrs.
27272155,27272155 - MEDIDAS DE SEGURIDAD EN TRABAJO EN ALTURAS.  [ 10/03/2025 - 11/03/2025]  Duración:16 Hrs.
27272154,27272154 - MEDIDAS DE SEGURIDAD EN TRABAJO ELÉCTRICO.  [ 15/03/2025 - 18/03/2025]  Duración:16 Hrs.
27272153,27272153 - MEDIDAS DE SEGURIDAD EN TRABAJO EN ALTURAS.  [ 27/03/2025 - 28/03/2025]  Duración:16 Hrs.
27272152,27272152 - MANEJO DE CUERDAS Y NUDOS.  [ 13/03/2025 - 14/03/2025]  Duración:16 Hrs.
27272151,27272151 - MEDIDAS DE SEGURIDAD EN TRABAJO ELÉCTRICO.  [ 26/03/2025 - 27/03/2025]  Duración:16 Hrs.
27272150,27272150 - MEDIDAS DE SEGURIDAD EN TRABAJO ELÉCTRICO.  [ 15/03/2025 - 17/03/2025]  Duración:16 Hrs.
27272149,27272149 - MEDIDAS DE SEGURIDAD EN TRABAJO EN ALTURAS.  [ 15/03/2025 - 18/03/2025]  Duración:16 Hrs.
27272131,27272131 - MEDIDAS DE SEGURIDAD EN TRABAJO EN ALTURAS.  [ 29/03/2025 - 31/03/2025]  Duración:16 Hrs.
27272130,27272130 - Inducción a la Seguridad e Higiene.  [ 24/03/2025 - 24/03/2025]  Duración:8 Hrs.
27272129,27272129 - Inducción a la Seguridad e Higiene.  [ 05/03/2025 - 05/03/2025]  Duración:8 Hrs.
27272128,27272128 - Inducción a la Seguridad e Higiene.  [ 06/03/2025 - 06/03/2025]  Duración:8 Hrs.
27272127,27272127 - MEDIDAS DE SEGURIDAD EN TRABAJO EN ALTURAS.  [ 15/03/2025 - 17/03/2025]  Duración:16 Hrs.
27272126,27272126 - MEDIDAS DE SEGURIDAD EN TRABAJO EN ALTURAS.  [ 08/03/2025 - 10/03/2025]  Duración:16 Hrs.
27272125,27272125 - MEDIDAS DE SEGURIDAD EN TRABAJO EN ALTURAS.  [ 24/03/2025 - 25/03/2025]  Duración:16 Hrs.
27272124,27272124 - Inducción a la Seguridad e Higiene.  [ 20/03/2025 - 20/03/2025]  Duración:8 Hrs.
27272123,27272123 - Inducción a la Seguridad e Higiene.  [ 12/03/2025 - 12/03/2025]  Duración:8 Hrs.
27272122,27272122 - MEDIDAS DE SEGURIDAD EN TRABAJO EN ALTURAS.  [ 13/03/2025 - 14/03/2025]  Duración:16 Hrs.
27272121,27272121 - Inducción a la Seguridad e Higiene.  [ 10/03/2025 - 10/03/2025]  Duración:8 Hrs.
27272120,27272120 - MANEJO DE CUERDAS Y NUDOS.  [ 05/03/2025 - 06/03/2025]  Duración:16 Hrs.
27272119,27272119 - MEDIDAS DE SEGURIDAD EN TRABAJO ELÉCTRICO.  [ 10/03/2025 - 11/03/2025]  Duración:16 Hrs.
27272118,27272118 - Inducción a la Seguridad e Higiene.  [ 04/03/2025 - 04/03/2025]  Duración:8 Hrs.
27272117,27272117 - MEDIDAS DE SEGURIDAD EN TRABAJO EN ALTURAS.  [ 07/03/2025 - 08/03/2025]  Duración:16 Hrs.
27270736,27270736 - Inducción Organizacional.  [ 20/03/2025 - 20/03/2025]  Duración:8 Hrs.
27270688,27270688 - Inducción Organizacional.  [ 06/03/2025 - 07/03/2025]  Duración:8 Hrs.
27270687,27270687 - Inducción Organizacional.  [ 03/03/2025 - 03/03/2025]  Duración:8 Hrs.
27270686,27270686 - Inducción Organizacional.  [ 04/03/2025 - 05/03/2025]  Duración:8 Hrs.
27270685,27270685 - Inducción Organizacional.  [ 05/03/2025 - 05/03/2025]  Duración:8 Hrs.
27270684,27270684 - Inducción Organizacional.  [ 26/03/2025 - 26/03/2025]  Duración:8 Hrs.
27270683,27270683 - Inducción Organizacional.  [ 24/03/2025 - 24/03/2025]  Duración:8 Hrs.
27270682,27270682 - Inducción Organizacional.  [ 10/03/2025 - 10/03/2025]  Duración:8 Hrs.
27270681,27270681 - Inducción Organizacional.  [ 12/03/2025 - 12/03/2025]  Duración:8 Hrs.
26472476,26472476 - EMPALME Y MEDICION DE OTDR.  [ 06/01/2025 - 10/01/2025]  Duración:18 Hrs.
26269558,26269558 - MEDIDAS DE SEGURIDAD EN TRABAJO EN ALTURAS.  [ 28/02/2025 - 01/03/2025]  Duración:16 Hrs.
26269557,26269557 - MEDIDAS DE SEGURIDAD EN TRABAJO ELÉCTRICO.  [ 26/02/2025 - 27/02/2025]  Duración:16 Hrs.
26269556,26269556 - MEDIDAS DE SEGURIDAD EN TRABAJO EN ALTURAS.  [ 24/02/2025 - 25/02/2025]  Duración:16 Hrs.
26269555,26269555 - MEDIDAS DE SEGURIDAD EN TRABAJO EN ALTURAS.  [ 04/02/2025 - 05/02/2025]  Duración:16 Hrs.
26269554,26269554 - Inducción a la Seguridad e Higiene.  [ 08/02/2025 - 08/02/2025]  Duración:8 Hrs.
26269553,26269553 - MEDIDAS DE SEGURIDAD EN TRABAJO ELÉCTRICO.  [ 19/02/2025 - 20/02/2025]  Duración:16 Hrs.
26269552,26269552 - Inducción a la Seguridad e Higiene.  [ 13/02/2025 - 13/02/2025]  Duración:8 Hrs.
26269551,26269551 - MEDIDAS DE SEGURIDAD EN TRABAJO ELÉCTRICO.  [ 14/02/2025 - 15/02/2025]  Duración:16 Hrs.
26269550,26269550 - Inducción a la Seguridad e Higiene.  [ 07/02/2025 - 07/02/2025]  Duración:8 Hrs.
26269549,26269549 - MEDIDAS DE SEGURIDAD EN TRABAJO EN ALTURAS.  [ 12/02/2025 - 13/02/2025]  Duración:16 Hrs.
26269548,26269548 - MANEJO DE CUERDAS Y NUDOS.  [ 06/02/2025 - 07/02/2025]  Duración:16 Hrs.
26269547,26269547 - MANEJO DE CUERDAS Y NUDOS.  [ 12/02/2025 - 13/02/2025]  Duración:16 Hrs.
26269546,26269546 - MEDIDAS DE SEGURIDAD EN TRABAJO ELÉCTRICO.  [ 12/02/2025 - 13/02/2025]  Duración:16 Hrs.
26269545,26269545 - Inducción a la Seguridad e Higiene.  [ 20/02/2025 - 20/02/2025]  Duración:8 Hrs.
26269544,26269544 - MEDIDAS DE SEGURIDAD EN TRABAJO ELÉCTRICO.  [ 27/02/2025 - 28/02/2025]  Duración:16 Hrs.
26269543,26269543 - MANEJO DE CUERDAS Y NUDOS.  [ 21/02/2025 - 22/02/2025]  Duración:16 Hrs.
26269542,26269542 - MEDIDAS DE SEGURIDAD EN TRABAJO EN ALTURAS.  [ 17/02/2025 - 18/02/2025]  Duración:16 Hrs.
26269541,26269541 - MEDIDAS DE SEGURIDAD EN TRABAJO EN ALTURAS.  [ 14/02/2025 - 15/02/2025]  Duración:16 Hrs.
26269540,26269540 - MEDIDAS DE SEGURIDAD EN TRABAJO ELÉCTRICO.  [ 06/02/2025 - 07/02/2025]  Duración:16 Hrs.
26269539,26269539 - MEDIDAS DE SEGURIDAD EN TRABAJO EN ALTURAS.  [ 10/02/2025 - 11/02/2025]  Duración:16 Hrs.
26269538,26269538 - MEDIDAS DE SEGURIDAD EN TRABAJO ELÉCTRICO.  [ 17/02/2025 - 18/02/2025]  Duración:16 Hrs.
26269537,26269537 - MANEJO DE CUERDAS Y NUDOS.  [ 14/02/2025 - 15/02/2025]  Duración:16 Hrs.
26269536,26269536 - MANEJO DE CUERDAS Y NUDOS.  [ 26/02/2025 - 27/02/2025]  Duración:16 Hrs.
26269535,26269535 - Inducción a la Seguridad e Higiene.  [ 25/02/2025 - 25/02/2025]  Duración:8 Hrs.
26269534,26269534 - MANEJO DE CUERDAS Y NUDOS.  [ 10/02/2025 - 11/02/2025]  Duración:16 Hrs.
26269533,26269533 - MEDIDAS DE SEGURIDAD EN TRABAJO ELÉCTRICO.  [ 04/02/2025 - 05/02/2025]  Duración:16 Hrs.
26269532,26269532 - Inducción a la Seguridad e Higiene.  [ 05/02/2025 - 05/02/2025]  Duración:8 Hrs.
26269531,26269531 - MEDIDAS DE SEGURIDAD EN TRABAJO ELÉCTRICO.  [ 24/02/2025 - 25/02/2025]  Duración:16 Hrs.
26269530,26269530 - MEDIDAS DE SEGURIDAD EN TRABAJO EN ALTURAS.  [ 21/02/2025 - 22/02/2025]  Duración:16 Hrs.
26269529,26269529 - Inducción a la Seguridad e Higiene.  [ 18/02/2025 - 18/02/2025]  Duración:8 Hrs.
26269528,26269528 - Inducción a la Seguridad e Higiene.  [ 11/02/2025 - 11/02/2025]  Duración:8 Hrs.
26269527,26269527 - MANEJO DE CUERDAS Y NUDOS.  [ 19/02/2025 - 20/02/2025]  Duración:16 Hrs.
26263890,26263890 - Inducción Organizacional.  [ 10/02/2025 - 10/02/2025]  Duración:8 Hrs.
26263889,26263889 - Inducción Organizacional.  [ 24/02/2025 - 24/02/2025]  Duración:8 Hrs.
26263888,26263888 - Inducción Organizacional.  [ 17/02/2025 - 17/02/2025]  Duración:8 Hrs.
26263887,26263887 - Inducción Organizacional.  [ 12/02/2025 - 12/02/2025]  Duración:8 Hrs.
26263886,26263886 - Inducción Organizacional.  [ 07/02/2025 - 07/02/2025]  Duración:8 Hrs.
26263885,26263885 - Inducción Organizacional.  [ 19/02/2025 - 19/02/2025]  Duración:8 Hrs.
26263884,26263884 - Inducción Organizacional.  [ 04/02/2025 - 04/02/2025]  Duración:8 Hrs.
26263883,26263883 - Inducción Organizacional.  [ 06/02/2025 - 06/02/2025]  Duración:8 Hrs.
25716073,25716073 - Inducción a la Seguridad e Higiene.  [ 21/01/2025 - 21/01/2025]  Duración:8 Hrs.
25716072,25716072 - Inducción a la Seguridad e Higiene.  [ 30/01/2025 - 30/01/2025]  Duración:8 Hrs.
25716071,25716071 - MEDIDAS DE SEGURIDAD EN TRABAJO ELÉCTRICO.  [ 15/01/2025 - 16/01/2025]  Duración:16 Hrs.
25716070,25716070 - MEDIDAS DE SEGURIDAD EN TRABAJO EN ALTURAS.  [ 17/01/2025 - 18/01/2025]  Duración:16 Hrs.
25716069,25716069 - MEDIDAS DE SEGURIDAD EN TRABAJO ELÉCTRICO.  [ 29/01/2025 - 30/01/2025]  Duración:16 Hrs.
25716068,25716068 - MEDIDAS DE SEGURIDAD EN TRABAJO EN ALTURAS.  [ 27/01/2025 - 28/01/2025]  Duración:16 Hrs.
25716067,25716067 - MEDIDAS DE SEGURIDAD EN TRABAJO EN ALTURAS.  [ 24/01/2025 - 25/01/2025]  Duración:16 Hrs.
25716066,25716066 - MEDIDAS DE SEGURIDAD EN TRABAJO ELÉCTRICO.  [ 20/01/2025 - 21/01/2025]  Duración:16 Hrs.
25716065,25716065 - MANEJO DE CUERDAS Y NUDOS.  [ 24/01/2025 - 25/01/2025]  Duración:16 Hrs.
25716064,25716064 - MEDIDAS DE SEGURIDAD EN TRABAJO EN ALTURAS.  [ 31/01/2025 - 01/02/2025]  Duración:16 Hrs.
25716063,25716063 - Inducción a la Seguridad e Higiene.  [ 23/01/2025 - 23/01/2025]  Duración:8 Hrs.
25716062,25716062 - MANEJO DE CUERDAS Y NUDOS.  [ 15/01/2025 - 16/01/2025]  Duración:16 Hrs.
25716061,25716061 - Inducción a la Seguridad e Higiene.  [ 14/01/2025 - 14/01/2025]  Duración:8 Hrs.
25716060,25716060 - MANEJO DE CUERDAS Y NUDOS.  [ 31/01/2025 - 01/02/2025]  Duración:16 Hrs.
25716059,25716059 - MANEJO DE CUERDAS Y NUDOS.  [ 10/01/2025 - 11/01/2025]  Duración:16 Hrs.
25716058,25716058 - Inducción a la Seguridad e Higiene.  [ 09/01/2025 - 09/01/2025]  Duración:8 Hrs.
25716057,25716057 - MEDIDAS DE SEGURIDAD EN TRABAJO EN ALTURAS.  [ 13/01/2025 - 14/01/2025]  Duración:16 Hrs.
25716056,25716056 - MEDIDAS DE SEGURIDAD EN TRABAJO ELÉCTRICO.  [ 27/01/2025 - 28/01/2025]  Duración:16 Hrs.
25716055,25716055 - Inducción a la Seguridad e Higiene.  [ 28/01/2025 - 28/01/2025]  Duración:8 Hrs.
25716054,25716054 - MANEJO DE CUERDAS Y NUDOS.  [ 22/01/2025 - 23/01/2025]  Duración:16 Hrs.
25716053,25716053 - MANEJO DE CUERDAS Y NUDOS.  [ 29/01/2025 - 30/01/2025]  Duración:16 Hrs.
25716052,25716052 - Inducción a la Seguridad e Higiene.  [ 21/01/2025 - 21/01/2025]  Duración:8 Hrs.
25692256,25692256 - Inducción Organizacional.  [ 27/01/2025 - 27/01/2025]  Duración:8 Hrs.
25692255,25692255 - Inducción Organizacional.  [ 22/01/2025 - 22/01/2025]  Duración:8 Hrs.
25692254,25692254 - Inducción Organizacional.  [ 29/01/2025 - 29/01/2025]  Duración:8 Hrs.
25692253,25692253 - Inducción Organizacional.  [ 20/01/2025 - 20/01/2025]  Duración:8 Hrs.
25692252,25692252 - Inducción Organizacional.  [ 13/01/2025 - 13/01/2025]  Duración:8 Hrs.
25692251,25692251 - Inducción Organizacional.  [ 08/01/2025 - 08/01/2025]  Duración:8 Hrs.
24802920,24802920 - Riesgo eléctrico.  [ 12/12/2024 - 13/12/2024]  Duración:16 Hrs.
24802919,24802919 - Riesgo eléctrico.  [ 18/12/2024 - 19/12/2024]  Duración:16 Hrs.
24802906,24802906 - Trabajo en alturas.  [ 09/12/2024 - 10/12/2024]  Duración:16 Hrs.
24802905,24802905 - Trabajo en alturas.  [ 16/12/2024 - 17/12/2024]  Duración:16 Hrs.
24800005,24800005 - EMPALME Y MEDICION DE OTDR.  [ 16/12/2024 - 18/12/2024]  Duración:18 Hrs.
24800004,24800004 - EMPALME Y MEDICION DE OTDR.  [ 09/12/2024 - 13/12/2024]  Duración:18 Hrs.
24780208,24780208 - Inducción a la Seguridad e Higiene.  [ 12/03/2024 - 12/03/2024]  Duración:8 Hrs.
24780207,24780207 - MEDIDAS DE SEGURIDAD EN TRABAJO ELÉCTRICO.  [ 28/02/2024 - 29/02/2024]  Duración:16 Hrs.
24780206,24780206 - MEDIDAS DE SEGURIDAD EN TRABAJO EN ALTURAS.  [ 26/02/2024 - 27/02/2024]  Duración:16 Hrs.
24780205,24780205 - MANEJO DE CUERDAS Y NUDOS.  [ 23/02/2024 - 24/02/2024]  Duración:16 Hrs.
24780204,24780204 - Inducción a la Seguridad e Higiene.  [ 22/02/2024 - 22/02/2024]  Duración:8 Hrs.
24780203,24780203 - MEDIDAS DE SEGURIDAD EN TRABAJO ELÉCTRICO.  [ 14/06/2024 - 15/06/2024]  Duración:16 Hrs.
24780202,24780202 - MEDIDAS DE SEGURIDAD EN TRABAJO ELÉCTRICO.  [ 18/03/2024 - 19/03/2024]  Duración:16 Hrs.
24780201,24780201 - MEDIDAS DE SEGURIDAD EN TRABAJO EN ALTURAS.  [ 12/06/2024 - 13/06/2024]  Duración:16 Hrs.
24780200,24780200 - MANEJO DE CUERDAS Y NUDOS.  [ 17/04/2024 - 18/04/2024]  Duración:16 Hrs.
24780199,24780199 - MANEJO DE CUERDAS Y NUDOS.  [ 05/02/2024 - 06/02/2024]  Duración:16 Hrs.
24780198,24780198 - MEDIDAS DE SEGURIDAD EN TRABAJO EN ALTURAS.  [ 24/05/2024 - 25/05/2024]  Duración:16 Hrs.
24780197,24780197 - MEDIDAS DE SEGURIDAD EN TRABAJO ELÉCTRICO.  [ 12/04/2024 - 13/04/2024]  Duración:16 Hrs.
24780196,24780196 - Inducción a la Seguridad e Higiene.  [ 18/05/2024 - 18/05/2024]  Duración:8 Hrs.
24780195,24780195 - MANEJO DE CUERDAS Y NUDOS.  [ 26/06/2024 - 27/06/2024]  Duración:16 Hrs.
24780194,24780194 - MEDIDAS DE SEGURIDAD EN TRABAJO EN ALTURAS.  [ 19/04/2024 - 20/04/2024]  Duración:16 Hrs.
24780193,24780193 - Inducción a la Seguridad e Higiene.  [ 08/06/2024 - 08/06/2024]  Duración:8 Hrs.
24780192,24780192 - MANEJO DE CUERDAS Y NUDOS.  [ 20/05/2024 - 21/05/2024]  Duración:16 Hrs.
24780191,24780191 - MEDIDAS DE SEGURIDAD EN TRABAJO ELÉCTRICO.  [ 10/04/2024 - 11/04/2024]  Duración:16 Hrs.
24780190,24780190 - MANEJO DE CUERDAS Y NUDOS.  [ 05/04/2024 - 06/04/2024]  Duración:16 Hrs.
24780189,24780189 - Inducción a la Seguridad e Higiene.  [ 25/06/2024 - 25/06/2024]  Duración:8 Hrs.
24780188,24780188 - Inducción a la Seguridad e Higiene.  [ 16/04/2024 - 16/04/2024]  Duración:8 Hrs.
24780187,24780187 - MEDIDAS DE SEGURIDAD EN TRABAJO ELÉCTRICO.  [ 22/04/2024 - 23/04/2024]  Duración:16 Hrs.
24780186,24780186 - MEDIDAS DE SEGURIDAD EN TRABAJO ELÉCTRICO.  [ 01/07/2024 - 02/07/2024]  Duración:16 Hrs.
24780185,24780185 - MEDIDAS DE SEGURIDAD EN TRABAJO EN ALTURAS.  [ 28/06/2024 - 29/06/2024]  Duración:16 Hrs.
24780184,24780184 - MEDIDAS DE SEGURIDAD EN TRABAJO ELÉCTRICO.  [ 09/02/2024 - 10/02/2024]  Duración:16 Hrs.
24780183,24780183 - MANEJO DE CUERDAS Y NUDOS.  [ 10/06/2024 - 11/06/2024]  Duración:16 Hrs.
24780182,24780182 - MANEJO DE CUERDAS Y NUDOS.  [ 17/05/2024 - 18/05/2024]  Duración:16 Hrs.
24780181,24780181 - MEDIDAS DE SEGURIDAD EN TRABAJO EN ALTURAS.  [ 10/04/2024 - 11/04/2024]  Duración:16 Hrs.
24780180,24780180 - Inducción a la Seguridad e Higiene.  [ 16/05/2024 - 16/05/2024]  Duración:8 Hrs.
24780179,24780179 - MANEJO DE CUERDAS Y NUDOS.  [ 08/04/2024 - 09/04/2024]  Duración:16 Hrs.
24780178,24780178 - MEDIDAS DE SEGURIDAD EN TRABAJO ELÉCTRICO.  [ 22/05/2024 - 23/05/2024]  Duración:16 Hrs.
24780177,24780177 - Inducción a la Seguridad e Higiene.  [ 06/04/2024 - 06/04/2024]  Duración:8 Hrs.
24780176,24780176 - MEDIDAS DE SEGURIDAD EN TRABAJO EN ALTURAS.  [ 07/02/2024 - 08/02/2024]  Duración:16 Hrs.
24780175,24780175 - MEDIDAS DE SEGURIDAD EN TRABAJO EN ALTURAS.  [ 15/03/2024 - 16/03/2024]  Duración:16 Hrs.
24780174,24780174 - Inducción a la Seguridad e Higiene.  [ 03/02/2024 - 03/02/2024]  Duración:8 Hrs.
24780173,24780173 - MEDIDAS DE SEGURIDAD EN TRABAJO EN ALTURAS.  [ 08/04/2024 - 09/04/2024]  Duración:16 Hrs.
24780172,24780172 - MANEJO DE CUERDAS Y NUDOS.  [ 15/02/2024 - 16/02/2024]  Duración:16 Hrs.
24780171,24780171 - Inducción a la Seguridad e Higiene.  [ 04/04/2024 - 04/04/2024]  Duración:8 Hrs.
24780170,24780170 - MEDIDAS DE SEGURIDAD EN TRABAJO ELÉCTRICO.  [ 17/01/2024 - 18/01/2024]  Duración:16 Hrs.
24780169,24780169 - MEDIDAS DE SEGURIDAD EN TRABAJO EN ALTURAS.  [ 15/01/2024 - 16/01/2024]  Duración:16 Hrs.
24780168,24780168 - MANEJO DE CUERDAS Y NUDOS.  [ 12/01/2024 - 13/01/2024]  Duración:16 Hrs.
24780167,24780167 - Inducción a la Seguridad e Higiene.  [ 11/01/2024 - 11/01/2024]  Duración:8 Hrs.
24780166,24780166 - MEDIDAS DE SEGURIDAD EN TRABAJO ELÉCTRICO.  [ 24/01/2024 - 25/01/2024]  Duración:16 Hrs.
24780165,24780165 - MEDIDAS DE SEGURIDAD EN TRABAJO EN ALTURAS.  [ 22/01/2024 - 23/01/2024]  Duración:16 Hrs.
24780164,24780164 - MANEJO DE CUERDAS Y NUDOS.  [ 19/01/2024 - 20/01/2024]  Duración:16 Hrs.
24780163,24780163 - Inducción a la Seguridad e Higiene.  [ 18/01/2024 - 18/01/2024]  Duración:8 Hrs.
24777730,24777730 - MEDIDAS DE SEGURIDAD EN TRABAJO ELÉCTRICO.  [ 13/12/2024 - 14/12/2024]  Duración:16 Hrs.
24777729,24777729 - MEDIDAS DE SEGURIDAD EN TRABAJO EN ALTURAS.  [ 11/12/2024 - 12/12/2024]  Duración:16 Hrs.
24777728,24777728 - Inducción a la Seguridad e Higiene.  [ 07/12/2024 - 07/12/2024]  Duración:8 Hrs.
24777727,24777727 - MANEJO DE CUERDAS Y NUDOS.  [ 09/12/2024 - 10/12/2024]  Duración:16 Hrs.
24777726,24777726 - MEDIDAS DE SEGURIDAD EN TRABAJO EN ALTURAS.  [ 06/12/2024 - 07/12/2024]  Duración:16 Hrs.
24777725,24777725 - Inducción a la Seguridad e Higiene.  [ 03/12/2024 - 03/12/2024]  Duración:8 Hrs.
24777724,24777724 - MEDIDAS DE SEGURIDAD EN TRABAJO ELÉCTRICO.  [ 09/12/2024 - 10/12/2024]  Duración:16 Hrs.
24777723,24777723 - MANEJO DE CUERDAS Y NUDOS.  [ 04/12/2024 - 05/12/2024]  Duración:16 Hrs.
24777722,24777722 - MEDIDAS DE SEGURIDAD EN TRABAJO ELÉCTRICO.  [ 02/12/2024 - 03/12/2024]  Duración:16 Hrs.
24777355,24777355 - Inducción Organizacional.  [ 06/12/2024 - 06/12/2024]  Duración:8 Hrs.
24777354,24777354 - Inducción Organizacional.  [ 02/12/2024 - 02/12/2024]  Duración:8 Hrs.
24751951,24751951 - Riesgo eléctrico.  [ 08/11/2024 - 09/11/2024]  Duración:16 Hrs.
24751950,24751950 - Inducción a la Seguridad e Higiene.  [ 12/11/2024 - 12/11/2024]  Duración:8 Hrs.
24751949,24751949 - MANEJO DE CUERDAS Y NUDOS.  [ 13/11/2024 - 14/11/2024]  Duración:16 Hrs.
24751948,24751948 - MEDIDAS DE SEGURIDAD EN TRABAJO ELÉCTRICO.  [ 18/11/2024 - 19/11/2024]  Duración:16 Hrs.
24751947,24751947 - MEDIDAS DE SEGURIDAD EN TRABAJO EN ALTURAS.  [ 15/11/2024 - 16/11/2024]  Duración:16 Hrs.
24751946,24751946 - MEDIDAS DE SEGURIDAD EN TRABAJO ELÉCTRICO.  [ 08/11/2024 - 09/11/2024]  Duración:16 Hrs.
24751945,24751945 - MEDIDAS DE SEGURIDAD EN TRABAJO EN ALTURAS.  [ 06/11/2024 - 07/11/2024]  Duración:16 Hrs.
24751944,24751944 - MANEJO DE CUERDAS Y NUDOS.  [ 04/11/2024 - 05/11/2024]  Duración:16 Hrs.
24751943,24751943 - MEDIDAS DE SEGURIDAD EN TRABAJO ELÉCTRICO.  [ 13/11/2024 - 14/11/2024]  Duración:16 Hrs.
24751942,24751942 - MEDIDAS DE SEGURIDAD EN TRABAJO EN ALTURAS.  [ 11/11/2024 - 12/11/2024]  Duración:16 Hrs.
24751941,24751941 - MANEJO DE CUERDAS Y NUDOS.  [ 08/11/2024 - 09/11/2024]  Duración:16 Hrs.
24751940,24751940 - Inducción a la Seguridad e Higiene.  [ 07/11/2024 - 07/11/2024]  Duración:8 Hrs.
24751939,24751939 - MEDIDAS DE SEGURIDAD EN TRABAJO EN ALTURAS.  [ 29/11/2024 - 30/11/2024]  Duración:16 Hrs.
24751938,24751938 - MANEJO DE CUERDAS Y NUDOS.  [ 27/11/2024 - 28/11/2024]  Duración:16 Hrs.
24751937,24751937 - Inducción a la Seguridad e Higiene.  [ 26/11/2024 - 26/11/2024]  Duración:8 Hrs.
24751936,24751936 - MEDIDAS DE SEGURIDAD EN TRABAJO ELÉCTRICO.  [ 27/11/2024 - 28/11/2024]  Duración:16 Hrs.
24751935,24751935 - MEDIDAS DE SEGURIDAD EN TRABAJO EN ALTURAS.  [ 25/11/2024 - 26/11/2024]  Duración:16 Hrs.
24751934,24751934 - MANEJO DE CUERDAS Y NUDOS.  [ 21/11/2024 - 22/11/2024]  Duración:16 Hrs.
24751933,24751933 - Inducción a la Seguridad e Higiene.  [ 20/11/2024 - 20/11/2024]  Duración:8 Hrs.
24725976,24725976 - MANEJO DE CUERDAS Y NUDOS.  [ 11/10/2024 - 12/10/2024]  Duración:16 Hrs.
24725975,24725975 - MEDIDAS DE SEGURIDAD EN TRABAJO ELÉCTRICO.  [ 07/10/2024 - 08/10/2024]  Duración:16 Hrs.
24725974,24725974 - Inducción a la Seguridad e Higiene.  [ 31/10/2024 - 31/10/2024]  Duración:8 Hrs.
24725973,24725973 - MEDIDAS DE SEGURIDAD EN TRABAJO ELÉCTRICO.  [ 21/10/2024 - 22/10/2024]  Duración:16 Hrs.
24725972,24725972 - Inducción a la Seguridad e Higiene.  [ 24/10/2024 - 24/10/2024]  Duración:8 Hrs.
24725971,24725971 - MEDIDAS DE SEGURIDAD EN TRABAJO EN ALTURAS.  [ 18/10/2024 - 19/10/2024]  Duración:16 Hrs.
24725970,24725970 - MANEJO DE CUERDAS Y NUDOS.  [ 16/10/2024 - 17/10/2024]  Duración:16 Hrs.
24725969,24725969 - Inducción a la Seguridad e Higiene.  [ 15/10/2024 - 15/10/2024]  Duración:8 Hrs.
24725968,24725968 - MEDIDAS DE SEGURIDAD EN TRABAJO EN ALTURAS.  [ 21/10/2024 - 22/10/2024]  Duración:16 Hrs.
24725967,24725967 - MEDIDAS DE SEGURIDAD EN TRABAJO EN ALTURAS.  [ 25/10/2024 - 26/10/2024]  Duración:16 Hrs.
24725966,24725966 - Inducción a la Seguridad e Higiene.  [ 17/10/2024 - 17/10/2024]  Duración:8 Hrs.
24725965,24725965 - MANEJO DE CUERDAS Y NUDOS.  [ 18/10/2024 - 19/10/2024]  Duración:16 Hrs.
24725964,24725964 - MEDIDAS DE SEGURIDAD EN TRABAJO ELÉCTRICO.  [ 28/10/2024 - 29/10/2024]  Duración:16 Hrs.
24725963,24725963 - Inducción a la Seguridad e Higiene.  [ 22/10/2024 - 22/10/2024]  Duración:8 Hrs.
24725962,24725962 - MEDIDAS DE SEGURIDAD EN TRABAJO EN ALTURAS.  [ 11/10/2024 - 12/10/2024]  Duración:16 Hrs.
24725961,24725961 - MANEJO DE CUERDAS Y NUDOS.  [ 23/10/2024 - 24/10/2024]  Duración:16 Hrs.
24725960,24725960 - MEDIDAS DE SEGURIDAD EN TRABAJO ELÉCTRICO.  [ 16/10/2024 - 17/10/2024]  Duración:16 Hrs.
24725959,24725959 - MANEJO DE CUERDAS Y NUDOS.  [ 09/10/2024 - 10/10/2024]  Duración:16 Hrs.
24725958,24725958 - MEDIDAS DE SEGURIDAD EN TRABAJO ELÉCTRICO.  [ 30/10/2024 - 31/10/2024]  Duración:16 Hrs.
24725957,24725957 - MEDIDAS DE SEGURIDAD EN TRABAJO EN ALTURAS.  [ 14/10/2024 - 15/10/2024]  Duración:16 Hrs.
24725956,24725956 - MEDIDAS DE SEGURIDAD EN TRABAJO EN ALTURAS.  [ 28/10/2024 - 29/10/2024]  Duración:16 Hrs.
24725955,24725955 - Inducción a la Seguridad e Higiene.  [ 08/10/2024 - 08/10/2024]  Duración:8 Hrs.
24725954,24725954 - MANEJO DE CUERDAS Y NUDOS.  [ 25/10/2024 - 26/10/2024]  Duración:16 Hrs.
24725953,24725953 - MEDIDAS DE SEGURIDAD EN TRABAJO EN ALTURAS.  [ 04/10/2024 - 05/10/2024]  Duración:16 Hrs.
24725952,24725952 - MEDIDAS DE SEGURIDAD EN TRABAJO ELÉCTRICO.  [ 23/10/2024 - 24/10/2024]  Duración:16 Hrs.
24725951,24725951 - MEDIDAS DE SEGURIDAD EN TRABAJO ELÉCTRICO.  [ 14/10/2024 - 15/10/2024]  Duración:16 Hrs.
24725950,24725950 - Inducción a la Seguridad e Higiene.  [ 10/10/2024 - 10/10/2024]  Duración:8 Hrs.
24725949,24725949 - Inducción a la Seguridad e Higiene.  [ 01/10/2024 - 01/10/2024]  Duración:8 Hrs.
24725948,24725948 - MANEJO DE CUERDAS Y NUDOS.  [ 02/10/2024 - 03/10/2024]  Duración:16 Hrs.
24706186,24706186 - MANEJO DE CUERDAS Y NUDOS.  [ 19/09/2024 - 20/09/2024]  Duración:16 Hrs.
24706185,24706185 - MEDIDAS DE SEGURIDAD EN TRABAJO EN ALTURAS.  [ 28/09/2024 - 29/09/2024]  Duración:16 Hrs.
24706184,24706184 - Inducción a la Seguridad e Higiene.  [ 18/09/2024 - 18/09/2024]  Duración:8 Hrs.
24706183,24706183 - MEDIDAS DE SEGURIDAD EN TRABAJO EN ALTURAS.  [ 25/09/2024 - 26/09/2024]  Duración:16 Hrs.
24706182,24706182 - MANEJO DE CUERDAS Y NUDOS.  [ 23/09/2024 - 24/09/2024]  Duración:16 Hrs.
24706181,24706181 - MANEJO DE CUERDAS Y NUDOS.  [ 26/09/2024 - 27/09/2024]  Duración:16 Hrs.
24706180,24706180 - Inducción a la Seguridad e Higiene.  [ 03/09/2024 - 03/09/2024]  Duración:8 Hrs.
24706179,24706179 - MEDIDAS DE SEGURIDAD EN TRABAJO EN ALTURAS.  [ 09/09/2024 - 10/09/2024]  Duración:16 Hrs.
24706178,24706178 - Inducción a la Seguridad e Higiene.  [ 20/09/2024 - 20/09/2024]  Duración:8 Hrs.
24706177,24706177 - MEDIDAS DE SEGURIDAD EN TRABAJO ELÉCTRICO.  [ 25/09/2024 - 26/09/2024]  Duración:16 Hrs.
24706176,24706176 - MEDIDAS DE SEGURIDAD EN TRABAJO ELÉCTRICO.  [ 30/09/2024 - 30/09/2024]  Duración:16 Hrs.
24706175,24706175 - MANEJO DE CUERDAS Y NUDOS.  [ 06/09/2024 - 07/09/2024]  Duración:16 Hrs.
24706174,24706174 - MEDIDAS DE SEGURIDAD EN TRABAJO ELÉCTRICO.  [ 27/09/2024 - 28/09/2024]  Duración:16 Hrs.
24706173,24706173 - MEDIDAS DE SEGURIDAD EN TRABAJO ELÉCTRICO.  [ 01/09/2024 - 02/09/2024]  Duración:16 Hrs.
24706172,24706172 - Inducción a la Seguridad e Higiene.  [ 24/09/2024 - 24/09/2024]  Duración:8 Hrs.
24706171,24706171 - MEDIDAS DE SEGURIDAD EN TRABAJO ELÉCTRICO.  [ 23/09/2024 - 24/09/2024]  Duración:16 Hrs.
24706170,24706170 - MEDIDAS DE SEGURIDAD EN TRABAJO ELÉCTRICO.  [ 09/09/2024 - 10/09/2024]  Duración:16 Hrs.
24706169,24706169 - MEDIDAS DE SEGURIDAD EN TRABAJO EN ALTURAS.  [ 06/09/2024 - 07/09/2024]  Duración:16 Hrs.
24706168,24706168 - MEDIDAS DE SEGURIDAD EN TRABAJO EN ALTURAS.  [ 03/09/2024 - 04/09/2024]  Duración:16 Hrs.
24706167,24706167 - MANEJO DE CUERDAS Y NUDOS.  [ 04/09/2024 - 05/09/2024]  Duración:16 Hrs.
24706166,24706166 - MEDIDAS DE SEGURIDAD EN TRABAJO EN ALTURAS.  [ 21/09/2024 - 22/09/2024]  Duración:16 Hrs.
24706165,24706165 - MEDIDAS DE SEGURIDAD EN TRABAJO ELÉCTRICO.  [ 11/09/2024 - 12/09/2024]  Duración:16 Hrs.
24706164,24706164 - MEDIDAS DE SEGURIDAD EN TRABAJO ELÉCTRICO.  [ 30/09/2024 - 01/10/2024]  Duración:16 Hrs.
24706163,24706163 - MANEJO DE CUERDAS Y NUDOS.  [ 25/09/2024 - 26/09/2024]  Duración:16 Hrs.
24706162,24706162 - MEDIDAS DE SEGURIDAD EN TRABAJO EN ALTURAS.  [ 27/09/2024 - 28/09/2024]  Duración:16 Hrs.
24706161,24706161 - MANEJO DE CUERDAS Y NUDOS.  [ 21/09/2024 - 22/09/2024]  Duración:16 Hrs.
24706160,24706160 - MEDIDAS DE SEGURIDAD EN TRABAJO EN ALTURAS.  [ 23/09/2024 - 24/09/2024]  Duración:16 Hrs.
24706159,24706159 - Inducción a la Seguridad e Higiene.  [ 25/09/2024 - 25/09/2024]  Duración:8 Hrs.
24706158,24706158 - Inducción a la Seguridad e Higiene.  [ 05/09/2024 - 05/09/2024]  Duración:8 Hrs.
24696829,24696829 - Inducción Organizacional.  [ 11/11/2024 - 11/11/2024]  Duración:8 Hrs.
24696828,24696828 - Inducción Organizacional.  [ 25/11/2024 - 25/11/2024]  Duración:8 Hrs.
24696827,24696827 - Inducción Organizacional.  [ 19/11/2024 - 19/11/2024]  Duración:8 Hrs.
24696826,24696826 - Inducción Organizacional.  [ 06/11/2024 - 06/11/2024]  Duración:8 Hrs.
24696635,24696635 - Inducción Organizacional.  [ 14/10/2024 - 14/10/2024]  Duración:8 Hrs.
24696634,24696634 - Inducción Organizacional.  [ 16/10/2024 - 16/10/2024]  Duración:8 Hrs.
24696633,24696633 - Inducción Organizacional.  [ 30/10/2024 - 30/10/2024]  Duración:8 Hrs.
24696632,24696632 - Inducción Organizacional.  [ 23/10/2024 - 23/10/2024]  Duración:8 Hrs.
24696631,24696631 - Inducción Organizacional.  [ 07/10/2024 - 07/10/2024]  Duración:8 Hrs.
24696630,24696630 - Inducción Organizacional.  [ 21/10/2024 - 21/10/2024]  Duración:8 Hrs.
24696629,24696629 - Inducción Organizacional.  [ 09/10/2024 - 09/10/2024]  Duración:8 Hrs.
24696544,24696544 - Inducción Organizacional.  [ 05/09/2024 - 05/09/2024]  Duración:8 Hrs.
24696543,24696543 - Inducción Organizacional.  [ 19/09/2024 - 19/09/2024]  Duración:8 Hrs.
24696520,24696520 - Inducción Organizacional.  [ 23/08/2024 - 23/08/2024]  Duración:8 Hrs.
24696519,24696519 - Inducción Organizacional.  [ 21/08/2024 - 21/08/2024]  Duración:8 Hrs.
24696518,24696518 - Inducción Organizacional.  [ 16/08/2024 - 16/08/2024]  Duración:8 Hrs.
24696517,24696517 - Inducción Organizacional.  [ 09/08/2024 - 09/08/2024]  Duración:8 Hrs.
24696516,24696516 - Inducción Organizacional.  [ 28/08/2024 - 28/08/2024]  Duración:8 Hrs.
24696515,24696515 - Inducción Organizacional.  [ 05/08/2024 - 05/08/2024]  Duración:8 Hrs.
24696514,24696514 - Inducción Organizacional.  [ 07/08/2024 - 07/08/2024]  Duración:8 Hrs.
24696513,24696513 - Inducción Organizacional.  [ 14/08/2024 - 14/08/2024]  Duración:8 Hrs.
24696265,24696265 - Inducción Organizacional.  [ 03/07/2024 - 03/07/2024]  Duración:8 Hrs.
24696264,24696264 - Inducción Organizacional.  [ 29/07/2024 - 29/07/2024]  Duración:8 Hrs.
24696263,24696263 - Inducción Organizacional.  [ 05/07/2024 - 05/07/2024]  Duración:8 Hrs.
24696262,24696262 - Inducción Organizacional.  [ 24/07/2024 - 24/07/2024]  Duración:8 Hrs.
24696261,24696261 - Inducción Organizacional.  [ 22/07/2024 - 22/07/2024]  Duración:8 Hrs.
24696260,24696260 - Inducción Organizacional.  [ 08/07/2024 - 08/07/2024]  Duración:8 Hrs.
24696259,24696259 - Inducción Organizacional.  [ 19/07/2024 - 19/07/2024]  Duración:8 Hrs.
24696258,24696258 - Inducción Organizacional.  [ 01/07/2024 - 01/07/2024]  Duración:8 Hrs.
24696257,24696257 - Inducción Organizacional.  [ 15/07/2024 - 15/07/2024]  Duración:8 Hrs.
24696256,24696256 - Inducción Organizacional.  [ 09/07/2024 - 09/07/2024]  Duración:8 Hrs.
24694952,24694952 - Inducción Organizacional.  [ 18/06/2024 - 18/06/2024]  Duración:8 Hrs.
24694951,24694951 - Inducción Organizacional.  [ 06/06/2024 - 06/06/2024]  Duración:8 Hrs.
24694950,24694950 - Inducción Organizacional.  [ 17/06/2024 - 17/06/2024]  Duración:8 Hrs.
24694949,24694949 - Inducción Organizacional.  [ 25/06/2024 - 25/06/2024]  Duración:8 Hrs.
24694948,24694948 - Inducción Organizacional.  [ 19/06/2024 - 19/06/2024]  Duración:8 Hrs.
24694947,24694947 - Inducción Organizacional.  [ 24/06/2024 - 24/06/2024]  Duración:8 Hrs.
24694946,24694946 - Inducción Organizacional.  [ 05/06/2024 - 05/06/2024]  Duración:8 Hrs.
24694945,24694945 - Inducción Organizacional.  [ 21/06/2024 - 21/06/2024]  Duración:8 Hrs.
24694944,24694944 - Inducción Organizacional.  [ 26/06/2024 - 26/06/2024]  Duración:8 Hrs.
24694943,24694943 - Inducción Organizacional.  [ 10/06/2024 - 10/06/2024]  Duración:8 Hrs.
24694942,24694942 - Inducción Organizacional.  [ 14/06/2024 - 14/06/2024]  Duración:8 Hrs.
24694941,24694941 - Inducción Organizacional.  [ 07/06/2024 - 07/06/2024]  Duración:8 Hrs.
24694940,24694940 - Inducción Organizacional.  [ 03/06/2024 - 03/06/2024]  Duración:8 Hrs.
24694688,24694688 - Inducción Organizacional.  [ 29/05/2024 - 29/05/2024]  Duración:8 Hrs.
24693960,24693960 - Inducción Organizacional.  [ 17/04/2024 - 17/08/2024]  Duración:8 Hrs.
24693959,24693959 - Inducción Organizacional.  [ 15/04/2024 - 15/04/2024]  Duración:8 Hrs.
24693958,24693958 - Inducción Organizacional.  [ 03/04/2024 - 03/04/2024]  Duración:8 Hrs.
24693957,24693957 - Inducción Organizacional.  [ 10/04/2024 - 10/04/2024]  Duración:8 Hrs.
24693956,24693956 - Inducción Organizacional.  [ 29/04/2024 - 29/04/2024]  Duración:8 Hrs.
24693955,24693955 - Inducción Organizacional.  [ 08/04/2024 - 08/04/2024]  Duración:8 Hrs.
24693954,24693954 - Inducción Organizacional.  [ 19/04/2024 - 19/04/2024]  Duración:8 Hrs.
24693953,24693953 - Inducción Organizacional.  [ 05/04/2024 - 05/04/2024]  Duración:8 Hrs.
24693952,24693952 - Inducción Organizacional.  [ 16/04/2024 - 16/04/2024]  Duración:8 Hrs.
24693951,24693951 - Inducción Organizacional.  [ 23/04/2024 - 23/04/2024]  Duración:8 Hrs.
24693950,24693950 - Inducción Organizacional.  [ 22/04/2024 - 22/04/2024]  Duración:8 Hrs.
24693949,24693949 - Inducción Organizacional.  [ 01/04/2024 - 01/04/2024]  Duración:8 Hrs.
24691422,24691422 - Inducción Organizacional.  [ 27/03/2024 - 27/03/2024]  Duración:8 Hrs.
24691421,24691421 - Inducción Organizacional.  [ 11/03/2024 - 11/03/2024]  Duración:8 Hrs.
24691420,24691420 - Inducción Organizacional.  [ 01/03/2024 - 01/03/2024]  Duración:8 Hrs.
24691419,24691419 - Inducción Organizacional.  [ 20/03/2024 - 20/03/2024]  Duración:8 Hrs.
24691418,24691418 - Inducción Organizacional.  [ 04/03/2024 - 04/03/2024]  Duración:8 Hrs.
24691417,24691417 - Inducción Organizacional.  [ 13/03/2024 - 13/03/2024]  Duración:8 Hrs.
24691356,24691356 - Inducción Organizacional.  [ 21/02/2024 - 21/02/2024]  Duración:8 Hrs.
24691355,24691355 - Inducción Organizacional.  [ 12/02/2024 - 12/02/2024]  Duración:8 Hrs.
24691354,24691354 - Inducción Organizacional.  [ 20/02/2024 - 20/02/2024]  Duración:8 Hrs.
24691353,24691353 - Inducción Organizacional.  [ 07/02/2024 - 07/02/2024]  Duración:8 Hrs.
24691352,24691352 - Inducción Organizacional.  [ 13/02/2024 - 13/02/2024]  Duración:8 Hrs.
24691351,24691351 - Inducción Organizacional.  [ 28/02/2024 - 28/02/2024]  Duración:8 Hrs.
24691350,24691350 - Inducción Organizacional.  [ 23/02/2024 - 23/02/2024]  Duración:8 Hrs.
24691349,24691349 - Inducción Organizacional.  [ 02/02/2024 - 02/02/2024]  Duración:8 Hrs.
24691348,24691348 - Inducción Organizacional.  [ 26/02/2024 - 26/02/2024]  Duración:8 Hrs.
24639297,24639297 - Inducción Organizacional.  [ 02/09/2024 - 02/09/2024]  Duración:8 Hrs.
24639296,24639296 - Inducción Organizacional.  [ 04/09/2024 - 04/09/2024]  Duración:8 Hrs.
24639295,24639295 - Inducción Organizacional.  [ 17/09/2024 - 17/09/2024]  Duración:8 Hrs.
24639294,24639294 - Inducción Organizacional.  [ 23/09/2024 - 23/09/2024]  Duración:8 Hrs.
24639293,24639293 - Inducción Organizacional.  [ 30/09/2024 - 30/09/2024]  Duración:8 Hrs.
24637265,24637265 - Inducción Organizacional.  [ 10/01/2024 - 10/01/2024]  Duración:8 Hrs.
24637264,24637264 - Inducción Organizacional.  [ 12/01/2024 - 12/01/2024]  Duración:8 Hrs.
24636869,24636869 - Inducción Organizacional.  [ 24/01/2024 - 24/01/2024]  Duración:8 Hrs.
24636868,24636868 - Inducción Organizacional.  [ 15/01/2024 - 15/01/2024]  Duración:8 Hrs.
24636867,24636867 - Inducción Organizacional.  [ 26/01/2024 - 26/01/2024]  Duración:8 Hrs.
24636866,24636866 - Inducción Organizacional.  [ 31/01/2024 - 31/01/2024]  Duración:8 Hrs.
24636865,24636865 - Inducción Organizacional.  [ 17/01/2024 - 17/01/2024]  Duración:8 Hrs.
24636864,24636864 - Inducción Organizacional.  [ 30/01/2024 - 30/01/2024]  Duración:8 Hrs.
24196553,24196553 - MEDIDAS DE SEGURIDAD EN TRABAJO EN ALTURAS.  [ 06/08/2024 - 07/08/2024]  Duración:16 Hrs.
24196552,24196552 - MANEJO DE CUERDAS Y NUDOS.  [ 02/08/2024 - 03/08/2024]  Duración:16 Hrs.
24196551,24196551 - MEDIDAS DE SEGURIDAD EN TRABAJO ELÉCTRICO.  [ 04/08/2024 - 05/08/2024]  Duración:16 Hrs.
24196550,24196550 - Inducción a la Seguridad e Higiene.  [ 01/08/2024 - 01/08/2024]  Duración:8 Hrs.
24196549,24196549 - MEDIDAS DE SEGURIDAD EN TRABAJO ELÉCTRICO.  [ 25/08/2024 - 26/08/2024]  Duración:16 Hrs.
24196548,24196548 - MANEJO DE CUERDAS Y NUDOS.  [ 30/08/2024 - 31/08/2024]  Duración:16 Hrs.
24196547,24196547 - MANEJO DE CUERDAS Y NUDOS.  [ 16/08/2024 - 17/08/2024]  Duración:16 Hrs.
24196546,24196546 - MEDIDAS DE SEGURIDAD EN TRABAJO ELÉCTRICO.  [ 11/08/2024 - 12/08/2024]  Duración:16 Hrs.
24196545,24196545 - MEDIDAS DE SEGURIDAD EN TRABAJO ELÉCTRICO.  [ 18/08/2024 - 19/08/2024]  Duración:16 Hrs.
24196544,24196544 - MEDIDAS DE SEGURIDAD EN TRABAJO EN ALTURAS.  [ 27/08/2024 - 28/08/2024]  Duración:16 Hrs.
24196543,24196543 - MANEJO DE CUERDAS Y NUDOS.  [ 23/08/2024 - 24/08/2024]  Duración:16 Hrs.
24196542,24196542 - Inducción a la Seguridad e Higiene.  [ 22/08/2024 - 22/08/2024]  Duración:8 Hrs.
24196541,24196541 - MEDIDAS DE SEGURIDAD EN TRABAJO EN ALTURAS.  [ 13/08/2024 - 14/08/2024]  Duración:16 Hrs.
24196540,24196540 - Inducción a la Seguridad e Higiene.  [ 15/08/2024 - 15/08/2024]  Duración:8 Hrs.
24196539,24196539 - MANEJO DE CUERDAS Y NUDOS.  [ 09/08/2024 - 10/08/2024]  Duración:16 Hrs.
24196538,24196538 - Inducción a la Seguridad e Higiene.  [ 29/08/2024 - 29/08/2024]  Duración:8 Hrs.
24196537,24196537 - MEDIDAS DE SEGURIDAD EN TRABAJO EN ALTURAS.  [ 20/08/2024 - 21/08/2024]  Duración:16 Hrs.
24196536,24196536 - Inducción a la Seguridad e Higiene.  [ 08/08/2024 - 08/08/2024]  Duración:8 Hrs.
23803748,23803748 - SEGURIDAD PARA TRABAJOS EN ALTURA.  [ 11/07/2024 - 11/07/2024]  Duración:8 Hrs.
23803194,23803194 - Induccion de Bienvenida.  [ 03/07/2024 - 03/07/2024]  Duración:8 Hrs.
23803193,23803193 - Induccion de Bienvenida.  [ 05/07/2024 - 05/07/2024]  Duración:8 Hrs.
23803192,23803192 - Induccion de Bienvenida.  [ 29/07/2024 - 29/07/2024]  Duración:8 Hrs.
23803191,23803191 - Induccion de Bienvenida.  [ 08/07/2024 - 08/07/2024]  Duración:8 Hrs.
23803190,23803190 - Induccion de Bienvenida.  [ 15/07/2024 - 15/07/2024]  Duración:8 Hrs.
23803189,23803189 - Induccion de Bienvenida.  [ 01/07/2024 - 01/07/2024]  Duración:8 Hrs.
23803013,23803013 - MANEJO DE CUERDAS Y NUDOS.  [ 25/07/2024 - 26/07/2024]  Duración:16 Hrs.
23803012,23803012 - Inducción a la Seguridad e Higiene.  [ 24/07/2024 - 24/07/2024]  Duración:8 Hrs.
23803011,23803011 - MEDIDAS DE SEGURIDAD EN TRABAJO EN ALTURAS.  [ 29/07/2024 - 30/07/2024]  Duración:16 Hrs.
23803010,23803010 - MEDIDAS DE SEGURIDAD EN TRABAJO ELÉCTRICO.  [ 27/07/2024 - 28/07/2024]  Duración:16 Hrs.
23803009,23803009 - MEDIDAS DE SEGURIDAD EN TRABAJO ELÉCTRICO.  [ 20/07/2024 - 21/07/2024]  Duración:16 Hrs.
23803008,23803008 - MANEJO DE CUERDAS Y NUDOS.  [ 18/07/2024 - 19/07/2024]  Duración:16 Hrs.
23803007,23803007 - Inducción a la Seguridad e Higiene.  [ 17/07/2024 - 17/07/2024]  Duración:8 Hrs.
23803006,23803006 - MEDIDAS DE SEGURIDAD EN TRABAJO ELÉCTRICO.  [ 13/07/2024 - 14/07/2024]  Duración:16 Hrs.
23803005,23803005 - MANEJO DE CUERDAS Y NUDOS.  [ 11/07/2024 - 12/07/2024]  Duración:16 Hrs.
23803004,23803004 - MEDIDAS DE SEGURIDAD EN TRABAJO EN ALTURAS.  [ 08/07/2024 - 09/07/2024]  Duración:16 Hrs.
23803003,23803003 - Inducción a la Seguridad e Higiene.  [ 10/07/2024 - 10/07/2024]  Duración:8 Hrs.
23803002,23803002 - Inducción a la Seguridad e Higiene.  [ 03/07/2024 - 03/07/2024]  Duración:8 Hrs.
23803001,23803001 - MEDIDAS DE SEGURIDAD EN TRABAJO ELÉCTRICO.  [ 06/07/2024 - 07/07/2024]  Duración:16 Hrs.
23803000,23803000 - MANEJO DE CUERDAS Y NUDOS.  [ 04/07/2024 - 05/07/2024]  Duración:16 Hrs.
23802999,23802999 - MEDIDAS DE SEGURIDAD EN TRABAJO EN ALTURAS.  [ 22/07/2024 - 23/07/2024]  Duración:16 Hrs.
23802998,23802998 - MEDIDAS DE SEGURIDAD EN TRABAJO EN ALTURAS.  [ 15/07/2024 - 16/07/2024]  Duración:16 Hrs.
23802997,23802997 - MEDIDAS DE SEGURIDAD EN TRABAJO EN ALTURAS.  [ 01/07/2024 - 02/07/2024]  Duración:16 Hrs.
23627373,23627373 - MANEJO DE CUERDAS Y NUDOS.  [ 27/06/2024 - 28/06/2024]  Duración:16 Hrs.
23627372,23627372 - MEDIDAS DE SEGURIDAD EN TRABAJO ELÉCTRICO.  [ 29/06/2024 - 30/06/2024]  Duración:16 Hrs.
23627371,23627371 - MEDIDAS DE SEGURIDAD EN TRABAJO ELÉCTRICO.  [ 08/06/2024 - 09/06/2024]  Duración:16 Hrs.
23627370,23627370 - MEDIDAS DE SEGURIDAD EN TRABAJO EN ALTURAS.  [ 17/06/2024 - 18/06/2024]  Duración:16 Hrs.
23627369,23627369 - MEDIDAS DE SEGURIDAD EN TRABAJO ELÉCTRICO.  [ 15/06/2024 - 16/06/2024]  Duración:16 Hrs.
23627368,23627368 - MEDIDAS DE SEGURIDAD EN TRABAJO ELÉCTRICO.  [ 22/06/2024 - 23/06/2024]  Duración:16 Hrs.
23627367,23627367 - MANEJO DE CUERDAS Y NUDOS.  [ 20/06/2024 - 21/06/2024]  Duración:16 Hrs.
23627366,23627366 - Inducción a la Seguridad e Higiene.  [ 26/06/2024 - 26/06/2024]  Duración:8 Hrs.
23627365,23627365 - MEDIDAS DE SEGURIDAD EN TRABAJO EN ALTURAS.  [ 24/06/2024 - 25/06/2024]  Duración:16 Hrs.
23627364,23627364 - Inducción a la Seguridad e Higiene.  [ 12/06/2024 - 12/06/2024]  Duración:8 Hrs.
23627363,23627363 - MEDIDAS DE SEGURIDAD EN TRABAJO EN ALTURAS.  [ 10/06/2024 - 11/06/2024]  Duración:16 Hrs.
23627362,23627362 - Inducción a la Seguridad e Higiene.  [ 19/06/2024 - 19/06/2024]  Duración:8 Hrs.
23627361,23627361 - MANEJO DE CUERDAS Y NUDOS.  [ 06/06/2024 - 07/06/2024]  Duración:16 Hrs.
23627360,23627360 - MANEJO DE CUERDAS Y NUDOS.  [ 13/06/2024 - 14/06/2024]  Duración:16 Hrs.
23627359,23627359 - MEDIDAS DE SEGURIDAD EN TRABAJO ELÉCTRICO.  [ 01/06/2024 - 02/06/2024]  Duración:16 Hrs.
23627358,23627358 - Inducción a la Seguridad e Higiene.  [ 05/06/2024 - 05/06/2024]  Duración:8 Hrs.
23627357,23627357 - MEDIDAS DE SEGURIDAD EN TRABAJO EN ALTURAS.  [ 03/06/2024 - 04/06/2024]  Duración:16 Hrs.
23539455,23539455 - MEDIDAS DE SEGURIDAD EN TRABAJO ELÉCTRICO.  [ 04/05/2024 - 05/05/2024]  Duración:16 Hrs.
23539454,23539454 - MANEJO DE CUERDAS Y NUDOS.  [ 30/05/2024 - 31/05/2024]  Duración:16 Hrs.
23539453,23539453 - MEDIDAS DE SEGURIDAD EN TRABAJO EN ALTURAS.  [ 06/05/2024 - 07/05/2024]  Duración:16 Hrs.
23539452,23539452 - Inducción a la Seguridad e Higiene.  [ 29/05/2024 - 29/05/2024]  Duración:8 Hrs.
23539451,23539451 - MANEJO DE CUERDAS Y NUDOS.  [ 02/05/2024 - 03/05/2024]  Duración:16 Hrs.
23509268,23509268 - Inducción Organizacional.  [ 27/05/2024 - 27/05/2024]  Duración:8 Hrs.
23509267,23509267 - Inducción Organizacional.  [ 22/05/2024 - 22/05/2024]  Duración:8 Hrs.
23509266,23509266 - Inducción Organizacional.  [ 20/05/2024 - 20/05/2024]  Duración:8 Hrs.
23509265,23509265 - Inducción Organizacional.  [ 15/05/2024 - 15/05/2024]  Duración:8 Hrs.
23509264,23509264 - Inducción Organizacional.  [ 13/05/2024 - 13/05/2024]  Duración:8 Hrs.
23509263,23509263 - Inducción Organizacional.  [ 06/05/2024 - 06/05/2024]  Duración:8 Hrs.
23509262,23509262 - MEDIDAS DE SEGURIDAD EN TRABAJO EN ALTURAS.  [ 27/05/2024 - 28/05/2024]  Duración:16 Hrs.
23509261,23509261 - MEDIDAS DE SEGURIDAD EN TRABAJO ELÉCTRICO.  [ 25/05/2024 - 26/05/2024]  Duración:16 Hrs.
23509260,23509260 - MANEJO DE CUERDAS Y NUDOS.  [ 23/05/2024 - 24/05/2024]  Duración:16 Hrs.
23509259,23509259 - MANEJO DE CUERDAS Y NUDOS.  [ 09/05/2024 - 10/05/2024]  Duración:16 Hrs.
23509258,23509258 - Inducción a la Seguridad e Higiene.  [ 08/05/2024 - 08/05/2024]  Duración:8 Hrs.
23509257,23509257 - Inducción Organizacional.  [ 17/05/2024 - 17/05/2024]  Duración:8 Hrs.
23509256,23509256 - Inducción a la Seguridad e Higiene.  [ 22/05/2024 - 22/05/2024]  Duración:8 Hrs.
23509255,23509255 - Trabajo en alturas.  [ 06/05/2024 - 07/05/2024]  Duración:16 Hrs.
23509254,23509254 - Cuerdas y nudos.  [ 02/05/2024 - 03/05/2024]  Duración:16 Hrs.
23509253,23509253 - Riesgo eléctrico.  [ 04/05/2024 - 05/05/2024]  Duración:16 Hrs.
23509252,23509252 - MEDIDAS DE SEGURIDAD EN TRABAJO EN ALTURAS.  [ 13/05/2024 - 14/05/2024]  Duración:16 Hrs.
23509251,23509251 - Inducción Organizacional.  [ 08/05/2024 - 08/05/2024]  Duración:8 Hrs.
23509250,23509250 - MEDIDAS DE SEGURIDAD EN TRABAJO ELÉCTRICO.  [ 18/05/2024 - 19/05/2024]  Duración:16 Hrs.
23509249,23509249 - Inducción Organizacional.  [ 03/05/2024 - 03/05/2024]  Duración:8 Hrs.
23509248,23509248 - Inducción a la Seguridad e Higiene.  [ 15/05/2024 - 15/05/2024]  Duración:8 Hrs.
23509247,23509247 - MEDIDAS DE SEGURIDAD EN TRABAJO ELÉCTRICO.  [ 11/05/2024 - 12/05/2024]  Duración:16 Hrs.
23509246,23509246 - MANEJO DE CUERDAS Y NUDOS.  [ 16/05/2024 - 17/05/2024]  Duración:16 Hrs.
23509245,23509245 - MEDIDAS DE SEGURIDAD EN TRABAJO EN ALTURAS.  [ 20/05/2024 - 21/05/2024]  Duración:16 Hrs.
23509244,23509244 - Inducción a la Seguridad e Higiene.  [ 01/05/2024 - 01/05/2024]  Duración:8 Hrs.
23509243,23509243 - Inducción Organizacional.  [ 31/05/2024 - 31/05/2024]  Duración:8 Hrs.
23355195,23355195 - MEDIDAS DE SEGURIDAD EN TRABAJO EN ALTURAS.  [ 13/04/2024 - 14/04/2024]  Duración:16 Hrs.
23355194,23355194 - MEDIDAS DE SEGURIDAD EN TRABAJO ELÉCTRICO.  [ 11/04/2024 - 12/04/2024]  Duración:16 Hrs.
23355193,23355193 - Inducción a la Seguridad e Higiene.  [ 22/04/2024 - 22/04/2024]  Duración:8 Hrs.
23355192,23355192 - MEDIDAS DE SEGURIDAD EN TRABAJO ELÉCTRICO.  [ 18/04/2024 - 19/04/2024]  Duración:16 Hrs.
23355191,23355191 - MANEJO DE CUERDAS Y NUDOS.  [ 16/04/2024 - 17/04/2024]  Duración:16 Hrs.
23355190,23355190 - MEDIDAS DE SEGURIDAD EN TRABAJO EN ALTURAS.  [ 27/04/2024 - 28/04/2024]  Duración:16 Hrs.
23355189,23355189 - Inducción a la Seguridad e Higiene.  [ 15/04/2024 - 15/04/2024]  Duración:8 Hrs.
23355188,23355188 - MANEJO DE CUERDAS Y NUDOS.  [ 23/04/2024 - 24/04/2024]  Duración:16 Hrs.
23355187,23355187 - MEDIDAS DE SEGURIDAD EN TRABAJO ELÉCTRICO.  [ 25/04/2024 - 26/04/2024]  Duración:16 Hrs.
23355186,23355186 - MEDIDAS DE SEGURIDAD EN TRABAJO EN ALTURAS.  [ 20/04/2024 - 21/04/2024]  Duración:16 Hrs.
23278211,23278211 - MANEJO DE CUERDAS Y NUDOS.  [ 09/04/2024 - 10/04/2024]  Duración:16 Hrs.
23278210,23278210 - Inducción a la Seguridad e Higiene.  [ 08/04/2024 - 08/04/2024]  Duración:8 Hrs.
23278209,23278209 - MEDIDAS DE SEGURIDAD EN TRABAJO EN ALTURAS.  [ 06/04/2024 - 07/04/2024]  Duración:16 Hrs.
23278208,23278208 - MANEJO DE CUERDAS Y NUDOS.  [ 02/04/2024 - 03/04/2024]  Duración:16 Hrs.
23278207,23278207 - MEDIDAS DE SEGURIDAD EN TRABAJO ELÉCTRICO.  [ 04/04/2024 - 05/04/2024]  Duración:16 Hrs.
23278206,23278206 - Inducción a la Seguridad e Higiene.  [ 01/04/2024 - 01/04/2024]  Duración:8 Hrs.
23212872,23212872 - MEDIDAS DE SEGURIDAD EN TRABAJO ELÉCTRICO.  [ 02/03/2024 - 03/03/2024]  Duración:16 Hrs.
23212871,23212871 - MEDIDAS DE SEGURIDAD EN TRABAJO ELÉCTRICO.  [ 08/03/2024 - 09/03/2024]  Duración:16 Hrs.
23212870,23212870 - MEDIDAS DE SEGURIDAD EN TRABAJO ELÉCTRICO.  [ 20/03/2024 - 21/03/2024]  Duración:16 Hrs.
23212869,23212869 - Inducción a la Seguridad e Higiene.  [ 15/03/2024 - 15/03/2024]  Duración:8 Hrs.
23212868,23212868 - MEDIDAS DE SEGURIDAD EN TRABAJO EN ALTURAS.  [ 10/03/2024 - 11/03/2024]  Duración:16 Hrs.
23212867,23212867 - MANEJO DE CUERDAS Y NUDOS.  [ 24/03/2024 - 25/03/2024]  Duración:16 Hrs.
23212866,23212866 - Inducción a la Seguridad e Higiene.  [ 07/03/2024 - 07/03/2024]  Duración:8 Hrs.
23212865,23212865 - MANEJO DE CUERDAS Y NUDOS.  [ 12/03/2024 - 13/03/2024]  Duración:16 Hrs.
23212864,23212864 - MEDIDAS DE SEGURIDAD EN TRABAJO EN ALTURAS.  [ 22/03/2024 - 23/03/2024]  Duración:16 Hrs.
23212863,23212863 - MANEJO DE CUERDAS Y NUDOS.  [ 06/03/2024 - 07/03/2024]  Duración:16 Hrs.
23212862,23212862 - MANEJO DE CUERDAS Y NUDOS.  [ 13/03/2024 - 14/03/2024]  Duración:16 Hrs.
23212861,23212861 - MEDIDAS DE SEGURIDAD EN TRABAJO EN ALTURAS.  [ 04/03/2024 - 05/03/2024]  Duración:16 Hrs.
23212860,23212860 - MEDIDAS DE SEGURIDAD EN TRABAJO ELÉCTRICO.  [ 13/03/2024 - 14/03/2024]  Duración:16 Hrs.
23212859,23212859 - MANEJO DE CUERDAS Y NUDOS.  [ 27/03/2024 - 28/03/2024]  Duración:16 Hrs.
23212858,23212858 - MEDIDAS DE SEGURIDAD EN TRABAJO EN ALTURAS.  [ 13/03/2024 - 14/03/2024]  Duración:16 Hrs.
23212857,23212857 - MANEJO DE CUERDAS Y NUDOS.  [ 21/03/2024 - 22/03/2024]  Duración:16 Hrs.
23212856,23212856 - Inducción a la Seguridad e Higiene.  [ 01/03/2024 - 01/03/2024]  Duración:8 Hrs.
23212855,23212855 - MEDIDAS DE SEGURIDAD EN TRABAJO EN ALTURAS.  [ 25/03/2024 - 26/03/2024]  Duración:16 Hrs.
23212854,23212854 - MEDIDAS DE SEGURIDAD EN TRABAJO EN ALTURAS.  [ 18/03/2024 - 19/03/2024]  Duración:16 Hrs.
23212853,23212853 - Inducción a la Seguridad e Higiene.  [ 13/03/2024 - 13/03/2024]  Duración:8 Hrs.
23212852,23212852 - MEDIDAS DE SEGURIDAD EN TRABAJO ELÉCTRICO.  [ 23/03/2024 - 24/03/2024]  Duración:16 Hrs.
23212851,23212851 - MEDIDAS DE SEGURIDAD EN TRABAJO ELÉCTRICO.  [ 16/03/2024 - 17/03/2024]  Duración:16 Hrs.
23212850,23212850 - Inducción a la Seguridad e Higiene.  [ 20/03/2024 - 20/03/2024]  Duración:8 Hrs.
23212849,23212849 - Inducción a la Seguridad e Higiene.  [ 09/03/2024 - 09/03/2024]  Duración:8 Hrs.
22579659,22579659 - MEDIDAS DE SEGURIDAD EN TRABAJO ELÉCTRICO.  [ 17/02/2024 - 18/02/2024]  Duración:16 Hrs.
22579658,22579658 - MEDIDAS DE SEGURIDAD EN TRABAJO ELÉCTRICO.  [ 21/02/2024 - 22/02/2024]  Duración:16 Hrs.
22579657,22579657 - Inducción a la Seguridad e Higiene.  [ 12/02/2024 - 12/02/2024]  Duración:8 Hrs.
22579656,22579656 - Inducción a la Seguridad e Higiene.  [ 02/02/2024 - 02/02/2024]  Duración:8 Hrs.
22579655,22579655 - MEDIDAS DE SEGURIDAD EN TRABAJO EN ALTURAS.  [ 15/02/2024 - 16/02/2024]  Duración:16 Hrs.
22579654,22579654 - MANEJO DE CUERDAS Y NUDOS.  [ 13/02/2024 - 14/02/2024]  Duración:16 Hrs.
22579653,22579653 - MEDIDAS DE SEGURIDAD EN TRABAJO ELÉCTRICO.  [ 07/02/2024 - 08/02/2024]  Duración:16 Hrs.
22579652,22579652 - MANEJO DE CUERDAS Y NUDOS.  [ 03/02/2024 - 04/02/2024]  Duración:16 Hrs.
22579651,22579651 - MEDIDAS DE SEGURIDAD EN TRABAJO EN ALTURAS.  [ 24/02/2024 - 25/02/2024]  Duración:16 Hrs.
22579650,22579650 - MANEJO DE CUERDAS Y NUDOS.  [ 02/02/2024 - 03/02/2024]  Duración:16 Hrs.
22579649,22579649 - Inducción a la Seguridad e Higiene.  [ 21/02/2024 - 21/02/2024]  Duración:8 Hrs.
22579648,22579648 - MANEJO DE CUERDAS Y NUDOS.  [ 22/02/2024 - 23/02/2024]  Duración:16 Hrs.
22579647,22579647 - MEDIDAS DE SEGURIDAD EN TRABAJO ELÉCTRICO.  [ 26/02/2024 - 27/02/2024]  Duración:16 Hrs.
22579646,22579646 - MANEJO DE CUERDAS Y NUDOS.  [ 20/02/2024 - 21/02/2024]  Duración:16 Hrs.
22579645,22579645 - MEDIDAS DE SEGURIDAD EN TRABAJO ELÉCTRICO.  [ 24/02/2024 - 25/02/2024]  Duración:16 Hrs.
22579644,22579644 - MEDIDAS DE SEGURIDAD EN TRABAJO ELÉCTRICO.  [ 06/02/2024 - 07/02/2024]  Duración:16 Hrs.
22579643,22579643 - MEDIDAS DE SEGURIDAD EN TRABAJO EN ALTURAS.  [ 22/02/2024 - 23/02/2024]  Duración:16 Hrs.
22579642,22579642 - MANEJO DE CUERDAS Y NUDOS.  [ 17/02/2024 - 18/02/2024]  Duración:16 Hrs.
22579641,22579641 - MEDIDAS DE SEGURIDAD EN TRABAJO EN ALTURAS.  [ 05/02/2024 - 06/02/2024]  Duración:16 Hrs.
22579640,22579640 - Inducción a la Seguridad e Higiene.  [ 19/02/2024 - 19/02/2024]  Duración:8 Hrs.
22579639,22579639 - MEDIDAS DE SEGURIDAD EN TRABAJO EN ALTURAS.  [ 19/02/2024 - 20/02/2024]  Duración:16 Hrs.
22579638,22579638 - MEDIDAS DE SEGURIDAD EN TRABAJO EN ALTURAS.  [ 04/02/2024 - 05/02/2024]  Duración:16 Hrs.
22579637,22579637 - Inducción a la Seguridad e Higiene.  [ 16/02/2024 - 16/02/2024]  Duración:8 Hrs.
22579636,22579636 - Inducción a la Seguridad e Higiene.  [ 01/02/2024 - 01/02/2024]  Duración:8 Hrs.
22410944,22410944 - MEDIDAS DE SEGURIDAD EN TRABAJO ELÉCTRICO.  [ 13/01/2024 - 14/01/2024]  Duración:16 Hrs.
22410943,22410943 - MANEJO DE CUERDAS Y NUDOS.  [ 03/01/2024 - 04/01/2024]  Duración:16 Hrs.
22410942,22410942 - Inducción a la Seguridad e Higiene.  [ 05/01/2024 - 05/01/2024]  Duración:8 Hrs.
22410941,22410941 - MEDIDAS DE SEGURIDAD EN TRABAJO EN ALTURAS.  [ 05/01/2024 - 06/01/2024]  Duración:16 Hrs.
22410940,22410940 - MANEJO DE CUERDAS Y NUDOS.  [ 02/01/2024 - 03/01/2024]  Duración:16 Hrs.
22410939,22410939 - Inducción a la Seguridad e Higiene.  [ 02/01/2024 - 02/01/2024]  Duración:8 Hrs.
22410938,22410938 - MEDIDAS DE SEGURIDAD EN TRABAJO EN ALTURAS.  [ 09/01/2024 - 10/01/2024]  Duración:16 Hrs.
22410937,22410937 - MANEJO DE CUERDAS Y NUDOS.  [ 09/01/2024 - 10/01/2024]  Duración:16 Hrs.
22410936,22410936 - MEDIDAS DE SEGURIDAD EN TRABAJO ELÉCTRICO.  [ 11/01/2024 - 12/01/2024]  Duración:16 Hrs.
22410935,22410935 - MEDIDAS DE SEGURIDAD EN TRABAJO ELÉCTRICO.  [ 09/01/2024 - 10/01/2024]  Duración:16 Hrs.
22410934,22410934 - MANEJO DE CUERDAS Y NUDOS.  [ 07/01/2024 - 08/01/2024]  Duración:16 Hrs.
22410933,22410933 - MEDIDAS DE SEGURIDAD EN TRABAJO ELÉCTRICO.  [ 06/01/2024 - 07/01/2024]  Duración:16 Hrs.
22410932,22410932 - MEDIDAS DE SEGURIDAD EN TRABAJO EN ALTURAS.  [ 13/01/2024 - 14/01/2024]  Duración:16 Hrs.
22410931,22410931 - MEDIDAS DE SEGURIDAD EN TRABAJO EN ALTURAS.  [ 11/01/2024 - 12/01/2024]  Duración:16 Hrs.
22410930,22410930 - Inducción a la Seguridad e Higiene.  [ 03/01/2024 - 03/01/2024]  Duración:8 Hrs.
22410929,22410929 - MEDIDAS DE SEGURIDAD EN TRABAJO ELÉCTRICO.  [ 15/01/2024 - 16/01/2024]  Duración:16 Hrs.
22410928,22410928 - MEDIDAS DE SEGURIDAD EN TRABAJO ELÉCTRICO.  [ 07/01/2024 - 08/01/2024]  Duración:16 Hrs.
22410927,22410927 - Inducción a la Seguridad e Higiene.  [ 06/01/2024 - 06/01/2024]  Duración:8 Hrs.
22410926,22410926 - Inducción a la Seguridad e Higiene.  [ 04/01/2024 - 04/01/2024]  Duración:8 Hrs.
22410925,22410925 - MANEJO DE CUERDAS Y NUDOS.  [ 11/01/2024 - 12/01/2024]  Duración:16 Hrs.
22410924,22410924 - MEDIDAS DE SEGURIDAD EN TRABAJO EN ALTURAS.  [ 07/01/2024 - 08/01/2024]  Duración:16 Hrs.
22410923,22410923 - MANEJO DE CUERDAS Y NUDOS.  [ 05/01/2024 - 06/01/2024]  Duración:16 Hrs.
22410922,22410922 - Inducción a la Seguridad e Higiene.  [ 01/01/2024 - 01/01/2024]  Duración:8 Hrs.
22410921,22410921 - MEDIDAS DE SEGURIDAD EN TRABAJO EN ALTURAS.  [ 04/01/2024 - 05/01/2024]  Duración:16 Hrs.
21936373,21936373 - EMPALME Y MEDICION DE OTDR.  [ 12/12/2023 - 14/12/2023]  Duración:18 Hrs.
21889127,21889127 - EMPALME Y MEDICION DE OTDR.  [ 03/01/2024 - 05/01/2024]  Duración:18 Hrs.
21868054,21868054 - Cuerdas y nudos.  [ 15/02/2024 - 16/02/2024]  Duración:16 Hrs.
21868053,21868053 - Inducción Organizacional.  [ 14/02/2024 - 14/02/2024]  Duración:8 Hrs.
21868052,21868052 - Inducción a la Seguridad e Higiene.  [ 14/02/2024 - 14/02/2024]  Duración:8 Hrs.
21459205,21459205 - EMPALME Y MEDICION DE OTDR.  [ 12/12/2023 - 14/12/2023]  Duración:18 Hrs.
21459204,21459204 - EMPALME Y MEDICION DE OTDR.  [ 06/12/2023 - 08/12/2023]  Duración:18 Hrs.
21457896,21457896 - EMPALME Y MEDICIÓN DE OTDR.  [ 06/12/2023 - 08/01/2024]  Duración:18 Hrs.
21160397,21160397 - Trabajo en alturas.  [ 13/12/2023 - 13/12/2023]  Duración:16 Hrs.
21160396,21160396 - Cuerdas y nudos.  [ 13/12/2023 - 13/12/2023]  Duración:8 Hrs.
21039723,21039723 - Inducción a la Seguridad e Higiene.  [ 16/11/2023 - 16/11/2023]  Duración:8 Hrs.
21039722,21039722 - Trabajo en alturas.  [ 18/11/2023 - 19/11/2023]  Duración:16 Hrs.
21039721,21039721 - Inducción a la Seguridad e Higiene.  [ 30/11/2023 - 30/11/2023]  Duración:8 Hrs.
21039720,21039720 - Trabajo en alturas.  [ 10/12/2023 - 11/12/2023]  Duración:16 Hrs.
21039719,21039719 - Inducción a la Seguridad e Higiene.  [ 17/11/2023 - 17/11/2023]  Duración:8 Hrs.
21039718,21039718 - Trabajo en alturas.  [ 01/12/2023 - 02/12/2023]  Duración:16 Hrs.
21039717,21039717 - Trabajo en alturas.  [ 11/11/2023 - 12/11/2023]  Duración:16 Hrs.
21039716,21039716 - Trabajo en alturas.  [ 27/11/2023 - 28/11/2023]  Duración:16 Hrs.
21039715,21039715 - Inducción a la Seguridad e Higiene.  [ 10/11/2023 - 10/11/2023]  Duración:8 Hrs.
21039714,21039714 - Trabajo en alturas.  [ 19/11/2023 - 20/11/2023]  Duración:16 Hrs.
21039713,21039713 - Trabajo en alturas.  [ 26/11/2023 - 27/11/2023]  Duración:16 Hrs.
21039712,21039712 - Trabajo en alturas.  [ 17/11/2023 - 18/11/2023]  Duración:16 Hrs.
21039711,21039711 - Inducción a la Seguridad e Higiene.  [ 25/11/2023 - 25/11/2023]  Duración:8 Hrs.
21039710,21039710 - Inducción a la Seguridad e Higiene.  [ 26/11/2023 - 26/11/2023]  Duración:8 Hrs.
21039709,21039709 - Cuerdas y nudos.  [ 25/11/2023 - 25/11/2023]  Duración:8 Hrs.
21039708,21039708 - Cuerdas y nudos.  [ 24/11/2023 - 24/11/2023]  Duración:8 Hrs.
21039707,21039707 - Cuerdas y nudos.  [ 15/11/2023 - 15/11/2023]  Duración:8 Hrs.
21039706,21039706 - Cuerdas y nudos.  [ 16/11/2023 - 16/11/2023]  Duración:8 Hrs.
21039705,21039705 - Cuerdas y nudos.  [ 06/12/2023 - 06/12/2023]  Duración:8 Hrs.
21039704,21039704 - Cuerdas y nudos.  [ 29/11/2023 - 29/11/2023]  Duración:8 Hrs.
21039703,21039703 - Cuerdas y nudos.  [ 09/11/2023 - 09/11/2023]  Duración:8 Hrs.
21039702,21039702 - Riesgo eléctrico.  [ 07/11/2023 - 08/11/2023]  Duración:16 Hrs.
21039701,21039701 - Riesgo eléctrico.  [ 27/11/2023 - 28/11/2023]  Duración:16 Hrs.
21039700,21039700 - Riesgo eléctrico.  [ 14/11/2023 - 15/11/2023]  Duración:16 Hrs.
21039699,21039699 - Riesgo eléctrico.  [ 23/11/2023 - 24/11/2023]  Duración:16 Hrs.
21039698,21039698 - Riesgo eléctrico.  [ 22/11/2023 - 23/11/2023]  Duración:16 Hrs.
21039697,21039697 - Riesgo eléctrico.  [ 06/11/2023 - 07/11/2023]  Duración:16 Hrs.
21039696,21039696 - Inducción Organizacional.  [ 04/12/2023 - 04/12/2023]  Duración:8 Hrs.
21039695,21039695 - Inducción Organizacional.  [ 29/11/2023 - 29/11/2023]  Duración:8 Hrs.
21039694,21039694 - Inducción Organizacional.  [ 22/11/2023 - 22/11/2023]  Duración:8 Hrs.
21039693,21039693 - Inducción Organizacional.  [ 13/12/2023 - 13/12/2023]  Duración:8 Hrs.
20870187,20870187 - FUNCIONES Y ACTIVIDADES DE LOS SERVICIOS PREV.  [ 27/09/2023 - 27/09/2023]  Duración:4 Hrs.
20870186,"20870186 - Constitucion, Integracon, Funciones y Respons.  [ 27/09/2023 - 27/09/2023]  Duración:4 Hrs."
20870169,"20870169 - Constitucion, Integracon, Funciones y Respons.  [ 27/09/2023 - 27/09/2023]  Duración:4 Hrs."
20870063,20870063 - Inducción Organizacional.  [ 25/10/2023 - 25/10/2023]  Duración:8 Hrs.
20870062,20870062 - Inducción Organizacional.  [ 06/11/2023 - 06/11/2023]  Duración:8 Hrs.
20870061,20870061 - MANEJO DE CUERDAS Y NUDOS.  [ 05/11/2023 - 06/11/2023]  Duración:16 Hrs.
20870060,20870060 - Inducción Organizacional.  [ 09/10/2023 - 09/10/2023]  Duración:8 Hrs.
20870059,20870059 - Inducción Organizacional.  [ 18/10/2023 - 18/10/2023]  Duración:8 Hrs.
20870057,20870057 - Inducción Organizacional.  [ 02/10/2023 - 02/10/2023]  Duración:8 Hrs.
20870056,20870056 - Inducción Organizacional.  [ 31/10/2023 - 31/10/2023]  Duración:8 Hrs.
20870055,20870055 - Inducción a la Seguridad e Higiene.  [ 31/10/2023 - 31/10/2023]  Duración:8 Hrs.
20870054,20870054 - MEDIDAS DE SEGURIDAD EN TRABAJO ELÉCTRICO.  [ 05/10/2023 - 06/10/2023]  Duración:16 Hrs.
20870053,20870053 - MEDIDAS DE SEGURIDAD EN TRABAJO EN ALTURAS.  [ 19/10/2023 - 20/10/2023]  Duración:16 Hrs.
20869982,20869982 - FUNCIONES Y ACTIVIDADES DE LOS SERVICIOS PREVENTIVOS DE SEGURIDAD Y SALUD EN EL TRABAJO.  [ 27/09/2023 - 27/09/2023]  Duración:4 Hrs.
20869979,"20869979 - CONSTITUCION, INTEGRACIÓN, FUNCIONES Y RESPONSABILIDADES DE LA COMISION DE SEGURIDAD E HIGIENE.  [ 27/09/2023 - 27/09/2023]  Duración:4 Hrs."
20697692,20697692 - MEDIDAS DE SEGURIDAD EN TRABAJO ELÉCTRICO.  [ 07/09/2023 - 08/09/2023]  Duración:16 Hrs.
20697691,20697691 - Cuerdas y nudos.  [ 14/09/2023 - 15/09/2023]  Duración:16 Hrs.
20697690,20697690 - MEDIDAS DE SEGURIDAD EN TRABAJO ELÉCTRICO.  [ 16/09/2023 - 17/09/2023]  Duración:16 Hrs.
20697689,20697689 - Cuerdas y nudos.  [ 05/09/2023 - 06/09/2023]  Duración:16 Hrs.
20697688,20697688 - MEDIDAS DE SEGURIDAD EN TRABAJO EN ALTURAS.  [ 18/09/2023 - 19/09/2023]  Duración:16 Hrs.
20697687,20697687 - MEDIDAS DE SEGURIDAD EN TRABAJO EN ALTURAS.  [ 09/09/2023 - 10/09/2023]  Duración:16 Hrs.
20697686,20697686 - Inducción Organizacional.  [ 13/09/2023 - 13/09/2023]  Duración:8 Hrs.
20697685,20697685 - Inducción a la Seguridad e Higiene.  [ 05/09/2023 - 05/09/2023]  Duración:8 Hrs.
20697684,20697684 - Inducción a la Seguridad e Higiene.  [ 13/09/2023 - 13/09/2023]  Duración:8 Hrs.
20697683,20697683 - Inducción Organizacional.  [ 04/09/2023 - 04/09/2023]  Duración:8 Hrs.
20673190,20673190 - Cuerdas y nudos.  [ 07/08/2023 - 08/08/2023]  Duración:16 Hrs.
20673189,20673189 - Cuerdas y nudos.  [ 18/08/2023 - 19/08/2023]  Duración:16 Hrs.
20673188,20673188 - Inducción Organizacional.  [ 15/08/2023 - 15/08/2023]  Duración:8 Hrs.
20673187,20673187 - MEDIDAS DE SEGURIDAD EN TRABAJO ELÉCTRICO.  [ 19/08/2023 - 20/08/2023]  Duración:16 Hrs.
20673186,20673186 - Inducción Organizacional.  [ 09/08/2023 - 09/08/2023]  Duración:8 Hrs.
20673185,20673185 - MEDIDAS DE SEGURIDAD EN TRABAJO EN ALTURAS.  [ 20/08/2023 - 21/08/2023]  Duración:16 Hrs.
20673184,20673184 - Cuerdas y nudos.  [ 23/08/2023 - 24/08/2023]  Duración:16 Hrs.
20673183,20673183 - Inducción Organizacional.  [ 18/08/2023 - 18/08/2023]  Duración:8 Hrs.
20673182,20673182 - Inducción Organizacional.  [ 07/08/2023 - 07/08/2023]  Duración:8 Hrs.
20673181,20673181 - Inducción a la Seguridad e Higiene.  [ 20/08/2023 - 20/08/2023]  Duración:8 Hrs.
20673180,20673180 - MEDIDAS DE SEGURIDAD EN TRABAJO ELÉCTRICO.  [ 23/08/2023 - 24/08/2023]  Duración:16 Hrs.
20673179,20673179 - MEDIDAS DE SEGURIDAD EN TRABAJO EN ALTURAS.  [ 19/08/2023 - 20/08/2023]  Duración:16 Hrs.
20673178,20673178 - Inducción Organizacional.  [ 16/08/2023 - 16/08/2023]  Duración:8 Hrs.
20673177,20673177 - Inducción a la Seguridad e Higiene.  [ 23/08/2023 - 23/08/2023]  Duración:8 Hrs.
20404848,20404848 - Prevención y Combate de Incendios.  [ 18/07/2023 - 18/07/2023]  Duración:4 Hrs.
20404847,"20404847 - Evacuación, Búsqueda y Rescate.  [ 18/07/2023 - 18/07/2023]  Duración:4 Hrs."
20404846,20404846 - Primeros Auxilios.  [ 18/07/2023 - 18/07/2023]  Duración:4 Hrs.
20159951,20159951 - MEDIDAS DE SEGURIDAD EN TRABAJO EN ALTURAS.  [ 20/07/2023 - 21/07/2023]  Duración:16 Hrs.
20159950,20159950 - Inducción a la Seguridad e Higiene.  [ 12/07/2023 - 12/07/2023]  Duración:8 Hrs.
20159949,20159949 - Inducción Organizacional.  [ 12/07/2023 - 12/07/2023]  Duración:8 Hrs.
20159948,20159948 - Primeros auxilios.  [ 05/07/2023 - 05/07/2023]  Duración:8 Hrs.
20159947,20159947 - MANEJO DE CUERDAS Y NUDOS.  [ 11/07/2023 - 12/07/2023]  Duración:16 Hrs.
20159946,20159946 - Primeros auxilios.  [ 10/07/2023 - 10/07/2023]  Duración:8 Hrs.
20159945,20159945 - MEDIDAS DE SEGURIDAD EN TRABAJO ELÉCTRICO.  [ 22/07/2023 - 24/07/2023]  Duración:16 Hrs.
20159944,20159944 - MANEJO DE CUERDAS Y NUDOS.  [ 08/07/2023 - 10/07/2023]  Duración:16 Hrs.
20159943,20159943 - Inducción a la Seguridad e Higiene.  [ 05/07/2023 - 05/07/2023]  Duración:8 Hrs.
20159942,20159942 - Primeros auxilios.  [ 12/07/2023 - 12/07/2023]  Duración:8 Hrs.
20159941,20159941 - Inducción Organizacional.  [ 10/07/2023 - 10/07/2023]  Duración:8 Hrs.
20159940,20159940 - MEDIDAS DE SEGURIDAD EN TRABAJO ELÉCTRICO.  [ 08/07/2023 - 10/07/2023]  Duración:16 Hrs.
20159939,20159939 - MEDIDAS DE SEGURIDAD EN TRABAJO ELÉCTRICO.  [ 13/07/2023 - 14/07/2023]  Duración:16 Hrs.
20159938,20159938 - Inducción a la Seguridad e Higiene.  [ 19/07/2023 - 19/07/2023]  Duración:8 Hrs.
20159937,20159937 - Inducción a la Seguridad e Higiene.  [ 03/07/2023 - 03/07/2023]  Duración:8 Hrs.
20159936,20159936 - MEDIDAS DE SEGURIDAD EN TRABAJO ELÉCTRICO.  [ 15/07/2023 - 17/07/2023]  Duración:16 Hrs.
20159935,20159935 - MANEJO DE CUERDAS Y NUDOS.  [ 18/07/2023 - 19/07/2023]  Duración:16 Hrs.
20159934,20159934 - Primeros auxilios.  [ 03/07/2023 - 03/07/2023]  Duración:8 Hrs.
20159933,20159933 - MEDIDAS DE SEGURIDAD EN TRABAJO EN ALTURAS.  [ 13/07/2023 - 14/07/2023]  Duración:16 Hrs.
20159932,20159932 - MEDIDAS DE SEGURIDAD EN TRABAJO EN ALTURAS.  [ 11/07/2023 - 12/07/2023]  Duración:16 Hrs.
20159931,20159931 - Inducción Organizacional.  [ 19/07/2023 - 19/07/2023]  Duración:8 Hrs.
20159930,20159930 - MEDIDAS DE SEGURIDAD EN TRABAJO EN ALTURAS.  [ 06/07/2023 - 07/07/2023]  Duración:16 Hrs.
20159929,20159929 - Inducción Organizacional.  [ 03/07/2023 - 03/07/2023]  Duración:8 Hrs.
20159928,20159928 - MEDIDAS DE SEGURIDAD EN TRABAJO ELÉCTRICO.  [ 06/07/2023 - 07/07/2023]  Duración:16 Hrs.
20159927,20159927 - MANEJO DE CUERDAS Y NUDOS.  [ 25/07/2023 - 26/07/2023]  Duración:16 Hrs.
20159926,20159926 - Primeros auxilios.  [ 19/07/2023 - 19/07/2023]  Duración:8 Hrs.
20159925,20159925 - Inducción Organizacional.  [ 05/07/2023 - 05/07/2023]  Duración:8 Hrs.
20159924,20159924 - MANEJO DE CUERDAS Y NUDOS.  [ 15/07/2023 - 17/07/2023]  Duración:16 Hrs.
20159923,20159923 - MEDIDAS DE SEGURIDAD EN TRABAJO EN ALTURAS.  [ 04/07/2023 - 05/07/2023]  Duración:16 Hrs.
20159922,20159922 - Inducción a la Seguridad e Higiene.  [ 10/07/2023 - 10/07/2023]  Duración:8 Hrs.
20159921,20159921 - MEDIDAS DE SEGURIDAD EN TRABAJO EN ALTURAS.  [ 01/07/2023 - 03/07/2023]  Duración:16 Hrs.
20008479,20008479 - MANEJO DE CUERDAS Y NUDOS.  [ 27/06/2023 - 28/06/2023]  Duración:16 Hrs.
20008478,20008478 - Inducción Organizacional.  [ 02/06/2023 - 02/06/2023]  Duración:8 Hrs.
20008477,20008477 - MANEJO DE CUERDAS Y NUDOS.  [ 13/06/2023 - 14/06/2023]  Duración:16 Hrs.
20008476,20008476 - MANEJO DE CUERDAS Y NUDOS.  [ 08/06/2023 - 09/06/2023]  Duración:16 Hrs.
20008475,20008475 - MANEJO DE CUERDAS Y NUDOS.  [ 17/06/2023 - 19/06/2023]  Duración:16 Hrs.
20008474,20008474 - Inducción Organizacional.  [ 05/06/2023 - 05/06/2023]  Duración:8 Hrs.
20008473,20008473 - MEDIDAS DE SEGURIDAD EN TRABAJO EN ALTURAS.  [ 13/06/2023 - 14/06/2023]  Duración:16 Hrs.
20008472,20008472 - Inducción Organizacional.  [ 26/06/2023 - 26/06/2023]  Duración:8 Hrs.
20008471,20008471 - Inducción a la Seguridad e Higiene.  [ 05/06/2023 - 05/06/2023]  Duración:8 Hrs.
20008470,20008470 - MANEJO DE CUERDAS Y NUDOS.  [ 10/06/2023 - 12/06/2023]  Duración:16 Hrs.
20008469,20008469 - MEDIDAS DE SEGURIDAD EN TRABAJO ELÉCTRICO.  [ 06/06/2023 - 07/06/2023]  Duración:16 Hrs.
20008468,20008468 - MEDIDAS DE SEGURIDAD EN TRABAJO EN ALTURAS.  [ 03/06/2023 - 05/06/2023]  Duración:16 Hrs.
20008467,20008467 - MEDIDAS DE SEGURIDAD EN TRABAJO ELÉCTRICO.  [ 22/06/2023 - 23/06/2023]  Duración:16 Hrs.
20008466,20008466 - Inducción a la Seguridad e Higiene.  [ 19/06/2023 - 19/06/2023]  Duración:8 Hrs.
20008465,20008465 - MEDIDAS DE SEGURIDAD EN TRABAJO ELÉCTRICO.  [ 15/06/2023 - 16/06/2023]  Duración:16 Hrs.
20008464,20008464 - Inducción a la Seguridad e Higiene.  [ 07/06/2023 - 07/06/2023]  Duración:8 Hrs.
20008463,20008463 - MEDIDAS DE SEGURIDAD EN TRABAJO ELÉCTRICO.  [ 29/06/2023 - 30/06/2023]  Duración:16 Hrs.
20008462,20008462 - MEDIDAS DE SEGURIDAD EN TRABAJO ELÉCTRICO.  [ 10/06/2023 - 12/06/2023]  Duración:16 Hrs.
20008461,20008461 - MEDIDAS DE SEGURIDAD EN TRABAJO ELÉCTRICO.  [ 08/06/2023 - 09/06/2023]  Duración:16 Hrs.
20008460,20008460 - Inducción Organizacional.  [ 19/06/2023 - 19/06/2023]  Duración:8 Hrs.
20008459,20008459 - MANEJO DE CUERDAS Y NUDOS.  [ 23/06/2023 - 24/06/2023]  Duración:16 Hrs.
20008458,20008458 - Inducción Organizacional.  [ 12/06/2023 - 12/06/2023]  Duración:8 Hrs.
20008457,20008457 - Inducción a la Seguridad e Higiene.  [ 12/06/2023 - 12/06/2023]  Duración:8 Hrs.
20008456,20008456 - Inducción Organizacional.  [ 07/06/2023 - 07/06/2023]  Duración:8 Hrs.
20008455,20008455 - MEDIDAS DE SEGURIDAD EN TRABAJO EN ALTURAS.  [ 08/06/2023 - 09/06/2023]  Duración:16 Hrs.
20008454,20008454 - MEDIDAS DE SEGURIDAD EN TRABAJO EN ALTURAS.  [ 20/06/2023 - 21/06/2023]  Duración:16 Hrs.
20008453,20008453 - MEDIDAS DE SEGURIDAD EN TRABAJO EN ALTURAS.  [ 06/06/2023 - 07/06/2023]  Duración:16 Hrs.
20008452,20008452 - Inducción a la Seguridad e Higiene.  [ 26/06/2023 - 26/06/2023]  Duración:8 Hrs.
20008451,20008451 - Inducción a la Seguridad e Higiene.  [ 02/06/2023 - 02/06/2023]  Duración:8 Hrs.
19903377,19903377 - MEDIDAS DE SEGURIDAD EN TRABAJO ELÉCTRICO.  [ 11/05/2023 - 12/05/2023]  Duración:16 Hrs.
19903376,19903376 - Primeros auxilios.  [ 31/05/2023 - 31/05/2023]  Duración:8 Hrs.
19903375,19903375 - Primeros auxilios.  [ 29/05/2023 - 29/05/2023]  Duración:8 Hrs.
19903374,19903374 - Inducción a la Seguridad e Higiene.  [ 31/05/2023 - 31/05/2023]  Duración:8 Hrs.
19903373,19903373 - Inducción a la Seguridad e Higiene.  [ 12/05/2023 - 12/05/2023]  Duración:8 Hrs.
19903372,19903372 - Inducción a la Seguridad e Higiene.  [ 29/05/2023 - 29/05/2023]  Duración:8 Hrs.
19903371,19903371 - MANEJO DE CUERDAS Y NUDOS.  [ 03/06/2023 - 05/06/2023]  Duración:16 Hrs.
19903370,19903370 - MANEJO DE CUERDAS Y NUDOS.  [ 18/05/2023 - 19/05/2023]  Duración:16 Hrs.
19903369,19903369 - Inducción a la Seguridad e Higiene.  [ 08/05/2023 - 08/05/2023]  Duración:8 Hrs.
19903368,19903368 - MEDIDAS DE SEGURIDAD EN TRABAJO ELÉCTRICO.  [ 06/05/2023 - 08/05/2023]  Duración:16 Hrs.
19903367,19903367 - MEDIDAS DE SEGURIDAD EN TRABAJO EN ALTURAS.  [ 23/05/2023 - 24/05/2023]  Duración:16 Hrs.
19903366,19903366 - MANEJO DE CUERDAS Y NUDOS.  [ 13/05/2023 - 15/05/2023]  Duración:16 Hrs.
19903365,19903365 - MEDIDAS DE SEGURIDAD EN TRABAJO EN ALTURAS.  [ 01/06/2023 - 02/06/2023]  Duración:16 Hrs.
19903364,19903364 - Inducción a la Seguridad e Higiene.  [ 26/05/2023 - 26/05/2023]  Duración:8 Hrs.
19903363,19903363 - MEDIDAS DE SEGURIDAD EN TRABAJO EN ALTURAS.  [ 30/05/2023 - 31/05/2023]  Duración:16 Hrs.
19903362,19903362 - MANEJO DE CUERDAS Y NUDOS.  [ 01/06/2023 - 02/06/2023]  Duración:16 Hrs.
19903361,19903361 - Inducción a la Seguridad e Higiene.  [ 03/05/2023 - 03/05/2023]  Duración:8 Hrs.
19903360,19903360 - MEDIDAS DE SEGURIDAD EN TRABAJO EN ALTURAS.  [ 18/05/2023 - 19/05/2023]  Duración:16 Hrs.
19903359,19903359 - MANEJO DE CUERDAS Y NUDOS.  [ 09/05/2023 - 10/05/2023]  Duración:16 Hrs.
19903358,19903358 - Primeros auxilios.  [ 26/05/2023 - 26/05/2023]  Duración:8 Hrs.
19903357,19903357 - Inducción Organizacional.  [ 08/05/2023 - 08/05/2023]  Duración:8 Hrs.
19903356,19903356 - MEDIDAS DE SEGURIDAD EN TRABAJO ELÉCTRICO.  [ 25/05/2023 - 26/05/2023]  Duración:16 Hrs.
19903355,19903355 - MANEJO DE CUERDAS Y NUDOS.  [ 03/05/2023 - 04/05/2023]  Duración:16 Hrs.
19903354,19903354 - MEDIDAS DE SEGURIDAD EN TRABAJO ELÉCTRICO.  [ 03/06/2023 - 05/06/2023]  Duración:16 Hrs.
19903353,19903353 - MEDIDAS DE SEGURIDAD EN TRABAJO EN ALTURAS.  [ 13/05/2023 - 15/05/2023]  Duración:16 Hrs.
19903352,19903352 - Inducción a la Seguridad e Higiene.  [ 22/05/2023 - 22/05/2023]  Duración:8 Hrs.
19903351,19903351 - MEDIDAS DE SEGURIDAD EN TRABAJO ELÉCTRICO.  [ 01/06/2023 - 02/06/2023]  Duración:16 Hrs.
19903350,19903350 - MANEJO DE CUERDAS Y NUDOS.  [ 27/05/2023 - 29/05/2023]  Duración:16 Hrs.
19903349,19903349 - MEDIDAS DE SEGURIDAD EN TRABAJO EN ALTURAS.  [ 09/05/2023 - 10/05/2023]  Duración:16 Hrs.
19903348,19903348 - MEDIDAS DE SEGURIDAD EN TRABAJO ELÉCTRICO.  [ 20/05/2023 - 22/05/2023]  Duración:16 Hrs.
19903347,19903347 - Inducción Organizacional.  [ 03/05/2023 - 03/05/2023]  Duración:8 Hrs.
19903346,19903346 - Inducción a la Seguridad e Higiene.  [ 17/05/2023 - 17/05/2023]  Duración:8 Hrs.
19903345,19903345 - MANEJO DE CUERDAS Y NUDOS.  [ 23/05/2023 - 24/05/2023]  Duración:16 Hrs.
19903344,19903344 - MEDIDAS DE SEGURIDAD EN TRABAJO ELÉCTRICO.  [ 30/05/2023 - 31/05/2023]  Duración:16 Hrs.
19903343,19903343 - MANEJO DE CUERDAS Y NUDOS.  [ 06/06/2023 - 07/06/2023]  Duración:16 Hrs.
19903342,19903342 - MEDIDAS DE SEGURIDAD EN TRABAJO ELÉCTRICO.  [ 16/05/2023 - 17/05/2023]  Duración:16 Hrs.
19903341,19903341 - MEDIDAS DE SEGURIDAD EN TRABAJO EN ALTURAS.  [ 27/05/2023 - 29/05/2023]  Duración:16 Hrs.
19903340,19903340 - MEDIDAS DE SEGURIDAD EN TRABAJO EN ALTURAS.  [ 04/05/2023 - 05/05/2023]  Duración:16 Hrs.
19903339,19903339 - Primeros auxilios.  [ 22/05/2023 - 22/05/2023]  Duración:8 Hrs.
19702551,19702551 - MANEJO DE CUERDAS Y NUDOS.  [ 15/04/2023 - 17/04/2023]  Duración:16 Hrs.
19702550,19702550 - MANEJO DE CUERDAS Y NUDOS.  [ 25/04/2023 - 26/04/2023]  Duración:16 Hrs.
19702549,19702549 - Inducción a la Seguridad e Higiene.  [ 26/04/2023 - 26/04/2023]  Duración:8 Hrs.
19702548,19702548 - Inducción a la Seguridad e Higiene.  [ 17/04/2023 - 17/04/2023]  Duración:8 Hrs.
19702547,19702547 - Inducción Organizacional.  [ 26/04/2023 - 26/04/2023]  Duración:8 Hrs.
19702546,19702546 - MANEJO DE CUERDAS Y NUDOS.  [ 29/04/2023 - 02/05/2023]  Duración:16 Hrs.
19702545,19702545 - MEDIDAS DE SEGURIDAD EN TRABAJO ELÉCTRICO.  [ 22/04/2023 - 24/04/2023]  Duración:16 Hrs.
19702544,19702544 - MEDIDAS DE SEGURIDAD EN TRABAJO ELÉCTRICO.  [ 27/04/2023 - 28/04/2023]  Duración:16 Hrs.
19702543,19702543 - Inducción a la Seguridad e Higiene.  [ 19/04/2023 - 19/04/2023]  Duración:8 Hrs.
19702542,19702542 - MEDIDAS DE SEGURIDAD EN TRABAJO ELÉCTRICO.  [ 29/04/2023 - 02/05/2023]  Duración:16 Hrs.
19702541,19702541 - MANEJO DE CUERDAS Y NUDOS.  [ 22/04/2023 - 24/04/2023]  Duración:16 Hrs.
19702540,19702540 - MEDIDAS DE SEGURIDAD EN TRABAJO ELÉCTRICO.  [ 13/04/2023 - 14/04/2023]  Duración:16 Hrs.
19702539,19702539 - MANEJO DE CUERDAS Y NUDOS.  [ 08/04/2023 - 10/04/2023]  Duración:16 Hrs.
19702538,19702538 - Inducción a la Seguridad e Higiene.  [ 03/04/2023 - 03/04/2023]  Duración:8 Hrs.
19702537,19702537 - MEDIDAS DE SEGURIDAD EN TRABAJO EN ALTURAS.  [ 25/04/2023 - 26/04/2023]  Duración:16 Hrs.
19702536,19702536 - MANEJO DE CUERDAS Y NUDOS.  [ 18/04/2023 - 19/04/2023]  Duración:16 Hrs.
19702535,19702535 - Inducción Organizacional.  [ 24/04/2023 - 24/04/2023]  Duración:8 Hrs.
19702534,19702534 - MEDIDAS DE SEGURIDAD EN TRABAJO ELÉCTRICO.  [ 06/04/2023 - 07/04/2023]  Duración:16 Hrs.
19702533,19702533 - MEDIDAS DE SEGURIDAD EN TRABAJO ELÉCTRICO.  [ 15/04/2023 - 17/04/2023]  Duración:16 Hrs.
19702532,19702532 - Inducción Organizacional.  [ 17/04/2023 - 17/04/2023]  Duración:8 Hrs.
19702531,19702531 - Inducción Organizacional.  [ 03/04/2023 - 03/04/2023]  Duración:8 Hrs.
19702530,19702530 - Primeros auxilios.  [ 19/04/2023 - 19/04/2023]  Duración:8 Hrs.
19702529,19702529 - Primeros auxilios.  [ 12/04/2023 - 12/04/2023]  Duración:8 Hrs.
19702528,19702528 - MEDIDAS DE SEGURIDAD EN TRABAJO ELÉCTRICO.  [ 20/04/2023 - 21/04/2023]  Duración:16 Hrs.
19702527,19702527 - MEDIDAS DE SEGURIDAD EN TRABAJO EN ALTURAS.  [ 27/04/2023 - 28/04/2023]  Duración:16 Hrs.
19702526,19702526 - MEDIDAS DE SEGURIDAD EN TRABAJO EN ALTURAS.  [ 11/04/2023 - 12/04/2023]  Duración:16 Hrs.
19702525,19702525 - Inducción a la Seguridad e Higiene.  [ 24/04/2023 - 24/04/2023]  Duración:8 Hrs.
19702524,19702524 - Inducción Organizacional.  [ 19/04/2023 - 19/04/2023]  Duración:8 Hrs.
19702523,19702523 - Primeros auxilios.  [ 10/04/2023 - 10/04/2023]  Duración:8 Hrs.
19702522,19702522 - Primeros auxilios.  [ 03/04/2023 - 03/04/2023]  Duración:8 Hrs.
19702521,19702521 - MEDIDAS DE SEGURIDAD EN TRABAJO EN ALTURAS.  [ 13/04/2023 - 14/04/2023]  Duración:16 Hrs.
19702520,19702520 - Inducción Organizacional.  [ 10/04/2023 - 10/04/2023]  Duración:8 Hrs.
19702519,19702519 - Inducción Organizacional.  [ 12/04/2023 - 12/04/2023]  Duración:8 Hrs.
19702518,19702518 - MEDIDAS DE SEGURIDAD EN TRABAJO EN ALTURAS.  [ 20/04/2023 - 21/04/2023]  Duración:16 Hrs.
19702517,19702517 - MEDIDAS DE SEGURIDAD EN TRABAJO EN ALTURAS.  [ 18/04/2023 - 19/04/2023]  Duración:16 Hrs.
19702516,19702516 - Inducción a la Seguridad e Higiene.  [ 10/04/2023 - 10/04/2023]  Duración:8 Hrs.
19702515,19702515 - Inducción a la Seguridad e Higiene.  [ 12/04/2023 - 12/04/2023]  Duración:8 Hrs.
19702514,19702514 - Primeros auxilios.  [ 17/04/2023 - 17/04/2023]  Duración:8 Hrs.
19702513,19702513 - MEDIDAS DE SEGURIDAD EN TRABAJO EN ALTURAS.  [ 10/04/2023 - 11/04/2023]  Duración:16 Hrs.
19651082,19651082 - Inducción Organizacional.  [ 11/01/2023 - 11/01/2023]  Duración:8 Hrs.
19651081,19651081 - Inducción Organizacional.  [ 16/01/2023 - 16/01/2023]  Duración:8 Hrs.
19651080,19651080 - Riesgo eléctrico.  [ 04/01/2023 - 05/01/2023]  Duración:18 Hrs.
19651079,19651079 - Riesgo eléctrico.  [ 02/01/2023 - 03/01/2023]  Duración:16 Hrs.
19651078,19651078 - Riesgo eléctrico.  [ 02/01/2023 - 03/01/2023]  Duración:8 Hrs.
19651077,19651077 - Inducción a la Seguridad e Higiene.  [ 01/01/2023 - 01/01/2023]  Duración:8 Hrs.
19651076,19651076 - MANEJO DE CUERDAS Y NUDOS.  [ 01/02/2023 - 02/02/2023]  Duración:16 Hrs.
19651075,19651075 - Inducción Organizacional.  [ 09/01/2023 - 09/01/2023]  Duración:8 Hrs.
19651074,19651074 - Inducción Organizacional.  [ 13/01/2023 - 13/01/2023]  Duración:8 Hrs.
19651073,19651073 - MEDIDAS DE SEGURIDAD EN TRABAJO ELÉCTRICO.  [ 01/02/2023 - 02/02/2023]  Duración:16 Hrs.
19651072,19651072 - Inducción a la Seguridad e Higiene.  [ 11/01/2023 - 11/01/2023]  Duración:8 Hrs.
19651071,19651071 - Inducción a la Seguridad e Higiene.  [ 13/01/2023 - 13/01/2023]  Duración:8 Hrs.
19651070,19651070 - MANEJO DE CUERDAS Y NUDOS.  [ 20/02/2023 - 21/02/2023]  Duración:16 Hrs.
19651069,19651069 - Riesgo eléctrico.  [ 27/01/2023 - 28/01/2023]  Duración:16 Hrs.
19651068,19651068 - Inducción a la Seguridad e Higiene.  [ 24/02/2023 - 25/02/2023]  Duración:8 Hrs.
19651067,19651067 - Inducción Organizacional.  [ 06/01/2023 - 06/01/2023]  Duración:8 Hrs.
19651066,19651066 - Inducción a la Seguridad e Higiene.  [ 20/02/2023 - 21/02/2023]  Duración:8 Hrs.
19651065,19651065 - Cuerdas y nudos.  [ 02/01/2023 - 03/01/2023]  Duración:16 Hrs.
19651064,19651064 - Inducción a la Seguridad e Higiene.  [ 01/02/2023 - 01/02/2023]  Duración:8 Hrs.
19651063,19651063 - Inducción a la Seguridad e Higiene.  [ 03/02/2023 - 03/02/2023]  Duración:8 Hrs.
19651062,19651062 - Primeros auxilios.  [ 22/02/2023 - 22/02/2023]  Duración:8 Hrs.
19651061,19651061 - Inducción a la Seguridad e Higiene.  [ 06/01/2023 - 06/01/2023]  Duración:8 Hrs.
19651060,19651060 - Inducción a la Seguridad e Higiene.  [ 25/01/2023 - 25/01/2023]  Duración:8 Hrs.
19651059,19651059 - Cuerdas y nudos.  [ 18/01/2023 - 19/01/2023]  Duración:16 Hrs.
19651058,19651058 - Inducción Organizacional.  [ 18/01/2023 - 18/01/2023]  Duración:8 Hrs.
19651057,19651057 - Inducción a la Seguridad e Higiene.  [ 22/02/2023 - 23/02/2023]  Duración:8 Hrs.
19651056,19651056 - Inducción a la Seguridad e Higiene.  [ 15/02/2023 - 15/02/2023]  Duración:8 Hrs.
19651055,19651055 - Trabajo en alturas.  [ 11/01/2023 - 12/01/2023]  Duración:16 Hrs.
19651054,19651054 - Inducción a la Seguridad e Higiene.  [ 18/01/2023 - 18/01/2023]  Duración:8 Hrs.
19651053,19651053 - Inducción Organizacional.  [ 25/01/2023 - 25/01/2023]  Duración:8 Hrs.
19651052,19651052 - Primeros auxilios.  [ 08/02/2023 - 08/02/2023]  Duración:8 Hrs.
19651051,19651051 - MANEJO DE CUERDAS Y NUDOS.  [ 22/02/2023 - 23/02/2023]  Duración:16 Hrs.
19651050,19651050 - MEDIDAS DE SEGURIDAD EN TRABAJO EN ALTURAS.  [ 01/02/2023 - 02/02/2023]  Duración:16 Hrs.
19651049,19651049 - Inducción a la Seguridad e Higiene.  [ 09/01/2023 - 09/01/2023]  Duración:8 Hrs.
19651048,19651048 - Riesgo eléctrico.  [ 25/01/2023 - 26/01/2023]  Duración:16 Hrs.
19651047,19651047 - MANEJO DE CUERDAS Y NUDOS.  [ 03/02/2023 - 04/02/2023]  Duración:16 Hrs.
19651046,19651046 - Primeros auxilios.  [ 13/02/2023 - 13/02/2023]  Duración:8 Hrs.
19651045,19651045 - MANEJO DE CUERDAS Y NUDOS.  [ 15/02/2023 - 16/02/2023]  Duración:16 Hrs.
19651044,19651044 - MEDIDAS DE SEGURIDAD EN TRABAJO ELÉCTRICO.  [ 15/02/2023 - 16/02/2023]  Duración:16 Hrs.
19651043,19651043 - Inducción a la Seguridad e Higiene.  [ 04/01/2023 - 04/01/2023]  Duración:8 Hrs.
19651042,19651042 - Inducción Organizacional.  [ 04/01/2023 - 04/01/2023]  Duración:8 Hrs.
19651041,19651041 - Inducción Organizacional.  [ 27/01/2023 - 27/01/2023]  Duración:8 Hrs.
19651040,19651040 - Cuerdas y nudos.  [ 13/01/2023 - 14/01/2023]  Duración:16 Hrs.
19651039,19651039 - MEDIDAS DE SEGURIDAD EN TRABAJO EN ALTURAS.  [ 24/02/2023 - 25/02/2023]  Duración:16 Hrs.
19651038,19651038 - MEDIDAS DE SEGURIDAD EN TRABAJO EN ALTURAS.  [ 22/02/2023 - 23/02/2023]  Duración:16 Hrs.
19651037,19651037 - MEDIDAS DE SEGURIDAD EN TRABAJO EN ALTURAS.  [ 20/02/2023 - 21/02/2023]  Duración:16 Hrs.
19651036,19651036 - Primeros auxilios.  [ 31/01/2023 - 31/01/2023]  Duración:8 Hrs.
19651035,19651035 - Trabajo en alturas.  [ 25/01/2023 - 26/01/2023]  Duración:16 Hrs.
19651034,19651034 - Riesgo eléctrico.  [ 13/01/2023 - 14/01/2023]  Duración:16 Hrs.
19651033,19651033 - Trabajo en alturas.  [ 23/01/2023 - 24/01/2023]  Duración:16 Hrs.
19651032,19651032 - Inducción a la Seguridad e Higiene.  [ 27/01/2023 - 27/01/2023]  Duración:8 Hrs.
19651031,19651031 - Cuerdas y nudos.  [ 06/01/2023 - 07/01/2023]  Duración:16 Hrs.
19651030,19651030 - Inducción a la Seguridad e Higiene.  [ 23/01/2023 - 23/01/2023]  Duración:8 Hrs.
19651029,19651029 - Cuerdas y nudos.  [ 04/01/2023 - 05/01/2023]  Duración:16 Hrs.
19651028,19651028 - Inducción Organizacional.  [ 02/01/2023 - 02/01/2023]  Duración:8 Hrs.
19651027,19651027 - Riesgo eléctrico.  [ 18/01/2023 - 19/01/2023]  Duración:16 Hrs.
19651026,19651026 - Riesgo eléctrico.  [ 01/02/2023 - 02/02/2023]  Duración:16 Hrs.
19651025,19651025 - Trabajo en alturas.  [ 27/01/2023 - 28/01/2023]  Duración:16 Hrs.
19651024,19651024 - Primeros auxilios.  [ 20/02/2023 - 20/02/2023]  Duración:8 Hrs.
19651023,19651023 - Cuerdas y nudos.  [ 27/01/2023 - 28/01/2023]  Duración:16 Hrs.
19651022,19651022 - Trabajo en alturas.  [ 01/02/2023 - 02/02/2023]  Duración:16 Hrs.
19651021,19651021 - MEDIDAS DE SEGURIDAD EN TRABAJO ELÉCTRICO.  [ 24/02/2023 - 25/02/2023]  Duración:16 Hrs.
19651020,19651020 - Primeros auxilios.  [ 03/02/2023 - 03/02/2023]  Duración:8 Hrs.
19651019,19651019 - Trabajo en alturas.  [ 20/01/2023 - 21/01/2023]  Duración:16 Hrs.
19651018,19651018 - MANEJO DE CUERDAS Y NUDOS.  [ 24/02/2023 - 25/02/2023]  Duración:16 Hrs.
19651017,19651017 - Riesgo eléctrico.  [ 23/01/2023 - 24/01/2023]  Duración:16 Hrs.
19651016,19651016 - Primeros auxilios.  [ 15/02/2023 - 15/02/2023]  Duración:8 Hrs.
19651015,19651015 - Riesgo eléctrico.  [ 20/01/2023 - 21/01/2023]  Duración:16 Hrs.
19651014,19651014 - Trabajo en alturas.  [ 18/01/2023 - 19/01/2023]  Duración:16 Hrs.
19651013,19651013 - MEDIDAS DE SEGURIDAD EN TRABAJO EN ALTURAS.  [ 15/02/2023 - 16/02/2023]  Duración:16 Hrs.
19651012,19651012 - Trabajo en alturas.  [ 13/01/2023 - 14/01/2023]  Duración:16 Hrs.
19651011,19651011 - Trabajo en alturas.  [ 04/01/2023 - 05/01/2023]  Duración:16 Hrs.
19651010,19651010 - Inducción Organizacional.  [ 15/02/2023 - 15/02/2023]  Duración:8 Hrs.
19651009,19651009 - MEDIDAS DE SEGURIDAD EN TRABAJO EN ALTURAS.  [ 03/02/2023 - 04/02/2023]  Duración:16 Hrs.
19651008,19651008 - Cuerdas y nudos.  [ 25/01/2023 - 26/01/2023]  Duración:16 Hrs.
19651007,19651007 - Inducción Organizacional.  [ 03/02/2023 - 03/02/2023]  Duración:8 Hrs.
19651006,19651006 - Trabajo en alturas.  [ 06/01/2023 - 07/01/2023]  Duración:16 Hrs.
19651005,19651005 - Inducción Organizacional.  [ 01/02/2023 - 01/02/2023]  Duración:8 Hrs.
19651004,19651004 - MEDIDAS DE SEGURIDAD EN TRABAJO ELÉCTRICO.  [ 20/02/2023 - 21/02/2023]  Duración:16 Hrs.
19651003,19651003 - Inducción Organizacional.  [ 20/01/2023 - 20/01/2023]  Duración:8 Hrs.
19651002,19651002 - Inducción a la Seguridad e Higiene.  [ 20/01/2023 - 20/01/2023]  Duración:8 Hrs.
19651001,19651001 - Cuerdas y nudos.  [ 20/01/2023 - 21/01/2023]  Duración:16 Hrs.
19651000,19651000 - Trabajo en alturas.  [ 16/01/2023 - 17/01/2023]  Duración:16 Hrs.
19650999,19650999 - MEDIDAS DE SEGURIDAD EN TRABAJO ELÉCTRICO.  [ 03/02/2023 - 04/02/2023]  Duración:16 Hrs.
19650998,19650998 - Trabajo en alturas.  [ 02/01/2023 - 02/01/2023]  Duración:8 Hrs.
19650997,19650997 - Riesgo eléctrico.  [ 06/01/2023 - 07/01/2023]  Duración:16 Hrs.
19641953,19641953 - MEDIDAS DE SEGURIDAD EN TRABAJO ELÉCTRICO.  [ 01/04/2023 - 01/04/2023]  Duración:16 Hrs.
19641952,19641952 - MEDIDAS DE SEGURIDAD EN TRABAJO ELÉCTRICO.  [ 01/04/2023 - 03/04/2023]  Duración:16 Hrs.
19641951,19641951 - MEDIDAS DE SEGURIDAD EN TRABAJO EN ALTURAS.  [ 18/03/2023 - 19/03/2023]  Duración:16 Hrs.
19641950,19641950 - Inducción a la Seguridad e Higiene.  [ 22/03/2023 - 22/03/2023]  Duración:8 Hrs.
19641949,19641949 - Primeros auxilios.  [ 10/03/2023 - 10/03/2023]  Duración:8 Hrs.
19641948,19641948 - MEDIDAS DE SEGURIDAD EN TRABAJO ELÉCTRICO.  [ 30/03/2023 - 31/03/2023]  Duración:16 Hrs.
19641947,19641947 - Inducción a la Seguridad e Higiene.  [ 27/03/2023 - 27/03/2023]  Duración:8 Hrs.
19641946,19641946 - Primeros auxilios.  [ 13/03/2023 - 13/03/2023]  Duración:8 Hrs.
19641945,19641945 - MEDIDAS DE SEGURIDAD EN TRABAJO EN ALTURAS.  [ 16/03/2023 - 17/03/2023]  Duración:16 Hrs.
19641944,19641944 - MEDIDAS DE SEGURIDAD EN TRABAJO ELÉCTRICO.  [ 09/03/2023 - 10/03/2023]  Duración:16 Hrs.
19641943,19641943 - MEDIDAS DE SEGURIDAD EN TRABAJO EN ALTURAS.  [ 14/03/2023 - 15/03/2023]  Duración:16 Hrs.
19641942,19641942 - Riesgo eléctrico.  [ 01/03/2023 - 01/03/2023]  Duración:8 Hrs.
19641941,19641941 - Primeros auxilios.  [ 08/03/2023 - 08/03/2023]  Duración:8 Hrs.
19641940,19641940 - Inducción a la Seguridad e Higiene.  [ 31/03/2023 - 31/03/2023]  Duración:8 Hrs.
19641939,19641939 - MANEJO DE CUERDAS Y NUDOS.  [ 14/03/2023 - 15/03/2023]  Duración:16 Hrs.
19641938,19641938 - Inducción a la Seguridad e Higiene.  [ 16/03/2023 - 16/03/2023]  Duración:8 Hrs.
19641937,19641937 - Primeros auxilios.  [ 31/03/2023 - 31/03/2023]  Duración:8 Hrs.
19641936,19641936 - MANEJO DE CUERDAS Y NUDOS.  [ 11/03/2023 - 12/03/2023]  Duración:16 Hrs.
19641935,19641935 - MEDIDAS DE SEGURIDAD EN TRABAJO ELÉCTRICO.  [ 25/03/2023 - 26/03/2023]  Duración:16 Hrs.
19641934,19641934 - MANEJO DE CUERDAS Y NUDOS.  [ 09/03/2023 - 10/03/2023]  Duración:16 Hrs.
19641933,19641933 - MEDIDAS DE SEGURIDAD EN TRABAJO ELÉCTRICO.  [ 21/03/2023 - 22/03/2023]  Duración:16 Hrs.
19641932,19641932 - Inducción a la Seguridad e Higiene.  [ 13/03/2023 - 13/03/2023]  Duración:8 Hrs.
19641931,19641931 - Inducción a la Seguridad e Higiene.  [ 10/03/2023 - 10/03/2023]  Duración:8 Hrs.
19641930,19641930 - Inducción a la Seguridad e Higiene.  [ 08/03/2023 - 08/03/2023]  Duración:8 Hrs.
19641929,19641929 - MEDIDAS DE SEGURIDAD EN TRABAJO EN ALTURAS.  [ 04/04/2023 - 05/04/2023]  Duración:16 Hrs.
19641928,19641928 - MEDIDAS DE SEGURIDAD EN TRABAJO EN ALTURAS.  [ 01/04/2023 - 02/04/2023]  Duración:16 Hrs.
19641927,19641927 - Inducción a la Seguridad e Higiene.  [ 29/03/2023 - 29/03/2023]  Duración:8 Hrs.
19641926,19641926 - MEDIDAS DE SEGURIDAD EN TRABAJO EN ALTURAS.  [ 11/03/2023 - 12/03/2023]  Duración:16 Hrs.
19641925,19641925 - Primeros auxilios.  [ 27/03/2023 - 27/03/2023]  Duración:8 Hrs.
19641924,19641924 - Primeros auxilios.  [ 29/03/2023 - 29/03/2023]  Duración:8 Hrs.
19641923,19641923 - Inducción a la Seguridad e Higiene.  [ 01/03/2023 - 01/03/2023]  Duración:8 Hrs.
19641922,19641922 - Primeros auxilios.  [ 22/03/2023 - 22/03/2023]  Duración:8 Hrs.
19641921,19641921 - MANEJO DE CUERDAS Y NUDOS.  [ 01/04/2023 - 02/04/2023]  Duración:16 Hrs.
19641920,19641920 - MANEJO DE CUERDAS Y NUDOS.  [ 31/03/2023 - 01/04/2023]  Duración:16 Hrs.
19641919,19641919 - Primeros auxilios.  [ 06/03/2023 - 06/03/2023]  Duración:8 Hrs.
19641918,19641918 - MEDIDAS DE SEGURIDAD EN TRABAJO ELÉCTRICO.  [ 16/03/2023 - 17/03/2023]  Duración:16 Hrs.
19641917,19641917 - MEDIDAS DE SEGURIDAD EN TRABAJO ELÉCTRICO.  [ 14/03/2023 - 15/03/2023]  Duración:16 Hrs.
19641916,19641916 - MANEJO DE CUERDAS Y NUDOS.  [ 28/03/2023 - 29/03/2023]  Duración:16 Hrs.
19641915,19641915 - Inducción a la Seguridad e Higiene.  [ 06/03/2023 - 06/03/2023]  Duración:8 Hrs.
19641914,19641914 - MANEJO DE CUERDAS Y NUDOS.  [ 23/03/2023 - 24/03/2023]  Duración:16 Hrs.
19641913,19641913 - MANEJO DE CUERDAS Y NUDOS.  [ 07/03/2023 - 08/03/2023]  Duración:16 Hrs.
19641912,19641912 - MEDIDAS DE SEGURIDAD EN TRABAJO EN ALTURAS.  [ 28/03/2023 - 29/03/2023]  Duración:16 Hrs.
19641911,19641911 - MANEJO DE CUERDAS Y NUDOS.  [ 02/03/2023 - 03/03/2023]  Duración:16 Hrs.
19641910,19641910 - MEDIDAS DE SEGURIDAD EN TRABAJO EN ALTURAS.  [ 07/03/2023 - 08/03/2023]  Duración:16 Hrs.
19641909,19641909 - Primeros auxilios.  [ 01/03/2023 - 01/03/2023]  Duración:8 Hrs.
19641908,19641908 - MANEJO DE CUERDAS Y NUDOS.  [ 17/03/2023 - 18/03/2023]  Duración:16 Hrs.
19641907,19641907 - Primeros auxilios.  [ 16/03/2023 - 16/03/2023]  Duración:8 Hrs.
19641906,19641906 - MEDIDAS DE SEGURIDAD EN TRABAJO EN ALTURAS.  [ 23/03/2023 - 24/03/2023]  Duración:16 Hrs.
19641905,19641905 - Cuerdas y nudos.  [ 01/03/2023 - 01/03/2023]  Duración:8 Hrs.
19641904,19641904 - Trabajo en alturas.  [ 01/03/2023 - 01/03/2023]  Duración:8 Hrs.
19641903,19641903 - MEDIDAS DE SEGURIDAD EN TRABAJO ELÉCTRICO.  [ 11/03/2023 - 12/03/2023]  Duración:16 Hrs.
19641902,19641902 - MEDIDAS DE SEGURIDAD EN TRABAJO ELÉCTRICO.  [ 04/04/2023 - 05/04/2023]  Duración:16 Hrs.
17302876,17302876 - PRIMEROS AUXILIOS.  [ 31/08/2021 - 31/08/2021]  Duración:8 Hrs.
17302875,17302875 - CERTIFICACION EMPALMADOR.  [ 31/08/2021 - 31/08/2021]  Duración:16 Hrs.
17302874,17302874 - INSTALADOR DE FIBRA OPTICA.  [ 31/08/2021 - 31/08/2021]  Duración:6 Hrs.
17302873,17302873 - PLANTA INTERNA.  [ 31/08/2021 - 31/08/2021]  Duración:8 Hrs.
17302872,17302872 - SEGURIDAD EN EL TRABAJO.  [ 31/08/2021 - 31/08/2021]  Duración:2 Hrs.
17302871,17302871 - TRABAJO EN ALTURAS.  [ 31/08/2021 - 31/08/2021]  Duración:16 Hrs.
17302870,17302870 - RIESGO ELECTRICO.  [ 31/08/2021 - 31/08/2021]  Duración:2 Hrs.
17302869,17302869 - MANEJO DE ESCALERA.  [ 31/08/2021 - 31/08/2021]  Duración:16 Hrs.
17302868,17302868 - INTRODUCCION A LA FIBRA OPTICA.  [ 31/08/2021 - 31/08/2021]  Duración:2 Hrs.
17302867,17302867 - BIOSEGURIDAD.  [ 31/08/2021 - 31/08/2021]  Duración:2 Hrs.
17302866,17302866 - PLANTA EXTERNA.  [ 31/08/2021 - 31/08/2021]  Duración:8 Hrs.
17302865,17302865 - INDUCCION A LA EMPRESA.  [ 31/08/2021 - 31/08/2021]  Duración:4 Hrs.
13958184,13958184 - Prevención de adicciones.  [ 15/06/2021 - 15/06/2021]  Duración:2 Hrs.
13958183,13958183 - Efectividad de pruebas diagnosticas para la COVID 40.  [ 25/01/2021 - 25/01/2021]  Duración:2 Hrs.
13958182,13958182 - Efectividad de pruebas diagnosticas para la COVID 39.  [ 25/01/2021 - 25/01/2021]  Duración:2 Hrs.
13958181,13958181 - Efectividad de pruebas diagnosticas para la COVID 38.  [ 25/01/2021 - 25/01/2021]  Duración:2 Hrs.
13958180,13958180 - Efectividad de pruebas diagnosticas para la COVID 37.  [ 25/01/2021 - 25/01/2021]  Duración:2 Hrs.
13958179,13958179 - Efectividad de pruebas diagnosticas para la COVID 36.  [ 25/01/2021 - 25/01/2021]  Duración:2 Hrs.
13958178,13958178 - Prevención de la hipertensión.  [ 20/04/2021 - 20/04/2021]  Duración:2 Hrs.
13958177,13958177 - Efectividad de pruebas diagnosticas para la COVID 35.  [ 25/01/2021 - 25/01/2021]  Duración:2 Hrs.
13958176,13958176 - Efectividad de pruebas diagnosticas para la COVID 34.  [ 25/01/2021 - 25/01/2021]  Duración:2 Hrs.
13958175,13958175 - Efectividad de pruebas diagnosticas para la COVID 33.  [ 25/01/2021 - 25/01/2021]  Duración:2 Hrs.
13958174,13958174 - Efectividad de pruebas diagnosticas para la COVID 32.  [ 25/01/2021 - 25/01/2021]  Duración:2 Hrs.
13958173,13958173 - Efectividad de pruebas diagnosticas para la COVID 31.  [ 25/01/2021 - 25/01/2021]  Duración:2 Hrs.
13958172,13958172 - Efectividad de pruebas diagnosticas para la COVID 30.  [ 25/01/2021 - 25/01/2021]  Duración:2 Hrs.
13958171,13958171 - Efectividad de pruebas diagnosticas para la COVID 29.  [ 25/01/2021 - 25/01/2021]  Duración:2 Hrs.
13958170,13958170 - Efectividad de pruebas diagnosticas para la COVID 28.  [ 25/01/2021 - 25/01/2021]  Duración:2 Hrs.
13958169,13958169 - Efectividad de pruebas diagnosticas para la COVID 27.  [ 25/01/2021 - 25/01/2021]  Duración:2 Hrs.
13958168,13958168 - Efectividad de pruebas diagnosticas para la COVID 26.  [ 25/01/2021 - 25/01/2021]  Duración:2 Hrs.
13958167,13958167 - Día internacional de la mujer.  [ 08/03/2021 - 08/03/2021]  Duración:2 Hrs.
13958166,13958166 - Efectividad de pruebas diagnosticas para la COVID 25.  [ 25/01/2021 - 25/01/2021]  Duración:2 Hrs.
13958165,13958165 - Efectividad de pruebas diagnosticas para la COVID 24.  [ 25/01/2021 - 25/01/2021]  Duración:2 Hrs.
13958164,13958164 - Efectividad de pruebas diagnosticas para la COVID 23.  [ 25/01/2021 - 25/01/2021]  Duración:2 Hrs.
13958163,13958163 - Efectividad de pruebas diagnosticas para la COVID 22.  [ 25/01/2021 - 25/01/2021]  Duración:2 Hrs.
13958162,13958162 - Efectividad de pruebas diagnosticas para la COVID 21.  [ 25/01/2021 - 25/01/2021]  Duración:2 Hrs.
13958161,13958161 - Efectividad de pruebas diagnosticas para la COVID 20.  [ 25/01/2021 - 25/01/2021]  Duración:2 Hrs.
13958160,13958160 - Efectividad de pruebas diagnosticas para la COVID 19.  [ 25/01/2021 - 25/01/2021]  Duración:2 Hrs.
13958159,13958159 - Golpe de Calor.  [ 12/04/2021 - 12/04/2021]  Duración:2 Hrs.
13958158,13958158 - VIH-SIDA.  [ 07/12/2020 - 07/12/2020]  Duración:2 Hrs.
13958157,13958157 - Cáncer de mama.  [ 12/10/2020 - 12/10/2020]  Duración:2 Hrs.
13958156,13958156 - Semáforo naranja.  [ 03/08/2020 - 03/08/2020]  Duración:2 Hrs.
13958155,13958155 - Protocolo de bioseguridad.  [ 01/07/2021 - 01/07/2021]  Duración:2 Hrs.
13958154,13958154 - Vacunación influenza.  [ 23/09/2020 - 23/09/2020]  Duración:2 Hrs.
13958153,13958153 - Cáncer de próstata y testicular.  [ 09/11/2020 - 09/11/2020]  Duración:2 Hrs.
13958152,13958152 - Cáncer infantil.  [ 10/02/2021 - 10/02/2021]  Duración:2 Hrs.
13958151,13958151 - Salud Sexual.  [ 29/03/2021 - 29/03/2021]  Duración:2 Hrs.
13958150,13958150 - Protocolo de bioseguridad.  [ 01/07/2020 - 01/07/2020]  Duración:2 Hrs.
13958149,13958149 - Lavado de manos.  [ 07/07/2020 - 07/07/2020]  Duración:2 Hrs.
