Clave,Descripción,Estado
1,AGUASCALIENTES,AGUASCALIENTES
2,ASIENTOS,AGUASCALIENTES
3,CALVILLO,AGUASCALIENTES
4,COSIO,AGUASCALIENTES
11,EL LLANO,AGUASCALIENTES
5,JESUS MARIA,AGUASCALIENTES
6,PABELLON DE ARTEAGA,AGUASCALIENTES
7,RINCON DE ROMOS,AGUASCALIENTES
10,SAN FRANCISCO DE LOS ROMO,AGUASCALIENTES
8,SAN JOSE DE GRACIA,AGUASCALIENTES
9,TEPEZALA,AGUASCALIENTES
1,ENSENADA,BAJA CALIFORNIA
2,MEXICALI,BAJA CALIFORNIA
5,PLAYAS DE ROSARITO,BAJA CALIFORNIA
7,SAN FELIPE,BAJA CALIFORNIA
6,SAN QUINTIN,BAJA CALIFORNIA
3,TECATE,BAJA CALIFORNIA
4,TIJUANA,BAJA CALIFORNIA
1,COMONDU,BAJA CALIFORNIA SUR
3,LA PAZ,BAJA CALIFORNIA SUR
5,LORETO,BAJA CALIFORNIA SUR
4,LOS CABOS,BAJA CALIFORNIA SUR
2,MULEGE,BAJA CALIFORNIA SUR
10,CALAKMUL,CAMPECHE
1,CALKINI,CAMPECHE
2,CAMPECHE,CAMPECHE
11,CANDELARIA,CAMPECHE
3,CARMEN,CAMPECHE
4,CHAMPOTON,CAMPECHE
9,ESCARCEGA,CAMPECHE
5,HECELCHAKAN,CAMPECHE
6,HOPELCHEN,CAMPECHE
7,PALIZADA,CAMPECHE
12,SEYBAPLAYA,CAMPECHE
8,TENABO,CAMPECHE
1,ACACOYAGUA,CHIAPAS
2,ACALA,CHIAPAS
3,ACAPETAGUA,CHIAPAS
113,ALDAMA,CHIAPAS
4,ALTAMIRANO,CHIAPAS
5,AMATAN,CHIAPAS
6,AMATENANGO DE LA FRONTERA,CHIAPAS
7,AMATENANGO DEL VALLE,CHIAPAS
8,ANGEL ALBINO CORZO,CHIAPAS
9,ARRIAGA,CHIAPAS
10,BEJUCAL DE OCAMPO,CHIAPAS
123,BELISARIO DOMINGUEZ,CHIAPAS
11,BELLA VISTA,CHIAPAS
114,BENEMERITO DE LAS AMERICAS,CHIAPAS
12,BERRIOZABAL,CHIAPAS
13,BOCHIL,CHIAPAS
15,CACAHOATAN,CHIAPAS
16,CATAZAJA,CHIAPAS
22,CHALCHIHUITAN,CHIAPAS
23,CHAMULA,CHIAPAS
24,CHANAL,CHIAPAS
25,CHAPULTENANGO,CHIAPAS
26,CHENALHO,CHIAPAS
27,CHIAPA DE CORZO,CHIAPAS
28,CHIAPILLA,CHIAPAS
29,CHICOASEN,CHIAPAS
30,CHICOMUSELO,CHIAPAS
31,CHILON,CHIAPAS
17,CINTALAPA,CHIAPAS
18,COAPILLA,CHIAPAS
19,COMITAN DE DOMINGUEZ,CHIAPAS
21,COPAINALA,CHIAPAS
14,EL BOSQUE,CHIAPAS
120,EL PARRAL,CHIAPAS
70,EL PORVENIR,CHIAPAS
121,EMILIANO ZAPATA,CHIAPAS
32,ESCUINTLA,CHIAPAS
33,FRANCISCO LEON,CHIAPAS
34,FRONTERA COMALAPA,CHIAPAS
35,FRONTERA HIDALGO,CHIAPAS
37,HUEHUETAN,CHIAPAS
39,HUITIUPAN,CHIAPAS
38,HUIXTAN,CHIAPAS
40,HUIXTLA,CHIAPAS
42,IXHUATAN,CHIAPAS
43,IXTACOMITAN,CHIAPAS
44,IXTAPA,CHIAPAS
45,IXTAPANGAJOYA,CHIAPAS
46,JIQUIPILAS,CHIAPAS
47,JITOTOL,CHIAPAS
48,JUAREZ,CHIAPAS
20,LA CONCORDIA,CHIAPAS
36,LA GRANDEZA,CHIAPAS
41,LA INDEPENDENCIA,CHIAPAS
50,LA LIBERTAD,CHIAPAS
99,LA TRINITARIA,CHIAPAS
49,LARRAINZAR,CHIAPAS
52,LAS MARGARITAS,CHIAPAS
75,LAS ROSAS,CHIAPAS
51,MAPASTEPEC,CHIAPAS
115,MARAVILLA TENEJAPA,CHIAPAS
116,MARQUES DE COMILLAS,CHIAPAS
53,MAZAPA DE MADERO,CHIAPAS
54,MAZATAN,CHIAPAS
55,METAPA,CHIAPAS
122,MEZCALAPA,CHIAPAS
56,MITONTIC,CHIAPAS
117,MONTECRISTO DE GUERRERO,CHIAPAS
57,MOTOZINTLA,CHIAPAS
58,NICOLAS RUIZ,CHIAPAS
59,OCOSINGO,CHIAPAS
60,OCOTEPEC,CHIAPAS
61,OCOZOCOAUTLA DE ESPINOSA,CHIAPAS
62,OSTUACAN,CHIAPAS
63,OSUMACINTA,CHIAPAS
64,OXCHUC,CHIAPAS
65,PALENQUE,CHIAPAS
66,PANTELHO,CHIAPAS
67,PANTEPEC,CHIAPAS
68,PICHUCALCO,CHIAPAS
69,PIJIJIAPAN,CHIAPAS
72,PUEBLO NUEVO SOLISTAHUACAN,CHIAPAS
73,RAYON,CHIAPAS
74,REFORMA,CHIAPAS
76,SABANILLA,CHIAPAS
77,SALTO DE AGUA,CHIAPAS
118,SAN ANDRES DURAZNAL,CHIAPAS
78,SAN CRISTOBAL DE LAS CASAS,CHIAPAS
79,SAN FERNANDO,CHIAPAS
112,SAN JUAN CANCUC,CHIAPAS
110,SAN LUCAS,CHIAPAS
119,SANTIAGO EL PINAR,CHIAPAS
80,SILTEPEC,CHIAPAS
81,SIMOJOVEL,CHIAPAS
82,SITALA,CHIAPAS
83,SOCOLTENANGO,CHIAPAS
84,SOLUSUCHIAPA,CHIAPAS
85,SOYALO,CHIAPAS
86,SUCHIAPA,CHIAPAS
87,SUCHIATE,CHIAPAS
88,SUNUAPA,CHIAPAS
89,TAPACHULA,CHIAPAS
90,TAPALAPA,CHIAPAS
91,TAPILULA,CHIAPAS
92,TECPATAN,CHIAPAS
93,TENEJAPA,CHIAPAS
94,TEOPISCA,CHIAPAS
95,TERAN,CHIAPAS
96,TILA,CHIAPAS
97,TONALA,CHIAPAS
98,TOTOLAPA,CHIAPAS
100,TUMBALA,CHIAPAS
102,TUXTLA CHICO,CHIAPAS
101,TUXTLA GUTIERREZ,CHIAPAS
103,TUZANTAN,CHIAPAS
104,TZIMOL,CHIAPAS
105,UNION JUAREZ,CHIAPAS
106,VENUSTIANO CARRANZA,CHIAPAS
71,VILLA DE COMALTITLAN,CHIAPAS
108,VILLA FLORES,CHIAPAS
107,VILLACORZO,CHIAPAS
109,YAJALON,CHIAPAS
111,ZINACANTAN,CHIAPAS
1,AHUMADA,CHIHUAHUA
2,ALDAMA,CHIHUAHUA
3,ALLENDE,CHIHUAHUA
4,AQUILES SERDAN,CHIHUAHUA
5,ASCENSION,CHIHUAHUA
6,BACHINIVA,CHIHUAHUA
7,BALLEZA,CHIHUAHUA
8,BATOPILAS,CHIHUAHUA
9,BOCOYNA,CHIHUAHUA
10,BUENAVENTURA,CHIHUAHUA
11,CAMARGO,CHIHUAHUA
12,CARICHIC,CHIHUAHUA
13,CASAS GRANDES,CHIHUAHUA
19,CHIHUAHUA,CHIHUAHUA
20,CHINIPAS,CHIHUAHUA
14,CORONADO,CHIHUAHUA
15,COYAME DEL SOTOL,CHIHUAHUA
17,CUAUHTEMOC,CHIHUAHUA
18,CUSIHUIRIACHI,CHIHUAHUA
21,DELICIAS,CHIHUAHUA
22,DR. BELISARIO DOMINGUEZ,CHIHUAHUA
64,EL TULE,CHIHUAHUA
23,GALEANA,CHIHUAHUA
25,GOMEZ FARIAS,CHIHUAHUA
26,GRAN MORELOS,CHIHUAHUA
27,GUACHOCHI,CHIHUAHUA
28,GUADALUPE,CHIHUAHUA
29,GUADALUPE Y CALVO,CHIHUAHUA
30,GUAZAPARES,CHIHUAHUA
31,GUERRERO,CHIHUAHUA
32,HIDALGO DEL PARRAL,CHIHUAHUA
33,HUEJOTITAN,CHIHUAHUA
34,IGNACIO ZARAGOZA,CHIHUAHUA
35,JANOS,CHIHUAHUA
36,JIMENEZ,CHIHUAHUA
37,JUAREZ,CHIHUAHUA
38,JULIMES,CHIHUAHUA
16,LA CRUZ,CHIHUAHUA
39,LOPEZ,CHIHUAHUA
40,MADERA,CHIHUAHUA
41,MAGUARICHIC,CHIHUAHUA
42,MANUEL BENAVIDES,CHIHUAHUA
43,MATACHIC,CHIHUAHUA
44,MATAMOROS,CHIHUAHUA
45,MEOQUI,CHIHUAHUA
46,MORELOS,CHIHUAHUA
47,MORIS,CHIHUAHUA
48,NAMIQUIPA,CHIHUAHUA
49,NONOAVA,CHIHUAHUA
50,NUEVO CASAS GRANDES,CHIHUAHUA
51,OCAMPO,CHIHUAHUA
52,OJINAGA,CHIHUAHUA
53,PRAXEDIS G. GUERRERO,CHIHUAHUA
54,RIVA PALACIO,CHIHUAHUA
55,ROSALES,CHIHUAHUA
56,ROSARIO,CHIHUAHUA
57,SAN FCO. DE BORJA,CHIHUAHUA
58,SAN FCO. DE CONCHOS,CHIHUAHUA
59,SAN FCO. DEL ORO,CHIHUAHUA
60,SANTA BARBARA,CHIHUAHUA
24,SANTA ISABEL,CHIHUAHUA
61,SATEVO,CHIHUAHUA
62,SAUCILLO,CHIHUAHUA
63,TEMOSACHIC,CHIHUAHUA
65,URIQUE,CHIHUAHUA
66,URUACHI,CHIHUAHUA
67,VALLE DE ZARAGOZA,CHIHUAHUA
1,ALVARO OBREGON,CIUDAD DE MEXICO
2,AZCAPOTZALCO,CIUDAD DE MEXICO
3,BENITO JUAREZ,CIUDAD DE MEXICO
4,COYOACAN,CIUDAD DE MEXICO
5,CUAJIMALPA DE MORELOS,CIUDAD DE MEXICO
6,CUAUHTEMOC,CIUDAD DE MEXICO
7,GUSTAVO A. MADERO,CIUDAD DE MEXICO
8,IZTACALCO,CIUDAD DE MEXICO
9,IZTAPALAPA,CIUDAD DE MEXICO
10,MAGDALENA CONTRERAS,CIUDAD DE MEXICO
11,MIGUEL HIDALGO,CIUDAD DE MEXICO
12,MILPA ALTA,CIUDAD DE MEXICO
13,TLAHUAC,CIUDAD DE MEXICO
14,TLALPAN,CIUDAD DE MEXICO
15,VENUSTIANO CARRANZA,CIUDAD DE MEXICO
16,XOCHIMILCO,CIUDAD DE MEXICO
1,ABASOLO,COAHUILA
2,ACUNA,COAHUILA
3,ALLENDE,COAHUILA
4,ARTEAGA,COAHUILA
5,CANDELA,COAHUILA
6,CASTANOS,COAHUILA
7,CUATROCIENEGAS DE CARRANZA,COAHUILA
8,ESCOBEDO,COAHUILA
9,FRANCISCO I MADERO,COAHUILA
10,FRONTERA,COAHUILA
11,GENERAL CEPEDA,COAHUILA
12,GUERRERO,COAHUILA
13,HIDALGO,COAHUILA
14,JIMENEZ,COAHUILA
15,JUAREZ,COAHUILA
16,LAMADRID,COAHUILA
17,MATAMOROS,COAHUILA
18,MONCLOVA,COAHUILA
19,MORELOS,COAHUILA
20,MUZQUIZ,COAHUILA
21,NADADORES,COAHUILA
22,NAVA,COAHUILA
23,OCAMPO,COAHUILA
24,PARRAS,COAHUILA
25,PIEDRAS NEGRAS,COAHUILA
26,PROGRESO,COAHUILA
27,RAMOS ARIZPE,COAHUILA
28,SABINAS,COAHUILA
29,SACRAMENTO,COAHUILA
30,SALTILLO,COAHUILA
31,SAN BUENAVENTURA,COAHUILA
32,SAN JUAN DE SABINAS,COAHUILA
33,SAN PEDRO,COAHUILA
34,SIERRA MOJADA,COAHUILA
35,TORREON,COAHUILA
36,VIESCA,COAHUILA
37,VILLA UNION,COAHUILA
38,ZARAGOZA,COAHUILA
1,ARMERIA,COLIMA
2,COLIMA,COLIMA
3,COMALA,COLIMA
4,COQUIMATLAN,COLIMA
5,CUAUHTEMOC,COLIMA
6,IXTLAHUACAN,COLIMA
7,MANZANILLO,COLIMA
8,MINATITLAN,COLIMA
9,TECOMAN,COLIMA
10,VILLA DE ALVAREZ,COLIMA
1,CANATLAN,DURANGO
2,CANELAS,DURANGO
3,CONETO DE COMONFORT,DURANGO
4,CUENCAME,DURANGO
5,DURANGO,DURANGO
18,EL ORO,DURANGO
6,GENERAL SIMON BOLIVAR,DURANGO
7,GOMEZ PALACIO,DURANGO
8,GUADALUPE VICTORIA,DURANGO
9,GUANACEVI,DURANGO
10,HIDALGO,DURANGO
11,INDE,DURANGO
12,LERDO,DURANGO
13,MAPIMI,DURANGO
14,MEZQUITAL,DURANGO
15,NAZAS,DURANGO
16,NOMBRE DE DIOS,DURANGO
39,NUEVO IDEAL,DURANGO
17,OCAMPO,DURANGO
19,OTAEZ,DURANGO
20,PANUCO DE CORONADO,DURANGO
21,PENON BLANCO,DURANGO
22,POANAS,DURANGO
23,PUEBLO NUEVO,DURANGO
24,RODEO,DURANGO
25,SAN BERNARDO,DURANGO
26,SAN DIMAS,DURANGO
27,SAN JUAN DE GUADALUPE,DURANGO
28,SAN JUAN DEL RIO,DURANGO
29,SAN LUIS DEL CORDERO,DURANGO
30,SAN PEDRO DEL GALLO,DURANGO
31,SANTA CLARA,DURANGO
32,SANTIAGO PAPASQUIARO,DURANGO
33,SUCHIL,DURANGO
34,TAMAZULA,DURANGO
35,TEPEHUANES,DURANGO
36,TLAHUALILO,DURANGO
37,TOPIA,DURANGO
38,VICENTE GUERRERO,DURANGO
1,ABASOLO,GUANAJUATO
2,ACAMBARO,GUANAJUATO
4,APASEO EL ALTO,GUANAJUATO
5,APASEO EL GRANDE,GUANAJUATO
6,ATARJEA,GUANAJUATO
7,CELAYA,GUANAJUATO
9,COMONFORT,GUANAJUATO
10,CORONEO,GUANAJUATO
11,CORTAZAR,GUANAJUATO
12,CUERAMARO,GUANAJUATO
13,DOCTOR MORA,GUANAJUATO
14,DOLORES HIDALGO CUNA DE LA INDEPENDENCIA NACIONAL,GUANAJUATO
15,GUANAJUATO,GUANAJUATO
16,HUANIMARO,GUANAJUATO
17,IRAPUATO,GUANAJUATO
18,JARAL DEL PROGRESO,GUANAJUATO
19,JERECUARO,GUANAJUATO
20,LEON,GUANAJUATO
8,MANUEL DOBLADO,GUANAJUATO
21,MOROLEON,GUANAJUATO
22,OCAMPO,GUANAJUATO
23,PENJAMO,GUANAJUATO
24,PUEBLO NUEVO,GUANAJUATO
25,PURISIMA DEL RINCON,GUANAJUATO
26,ROMITA,GUANAJUATO
27,SALAMANCA,GUANAJUATO
28,SALVATIERRA,GUANAJUATO
29,SAN DIEGO DE LA UNION,GUANAJUATO
30,SAN FELIPE,GUANAJUATO
31,SAN FRANCISCO DEL RINCON,GUANAJUATO
32,SAN JOSE ITURBIDE,GUANAJUATO
33,SAN LUIS DE LA PAZ,GUANAJUATO
3,SAN MIGUEL ALLENDE,GUANAJUATO
34,SANTA CATARINA,GUANAJUATO
35,SANTA CRUZ DE JUVENTINO ROSAS,GUANAJUATO
36,SANTIAGO MARAVATIO,GUANAJUATO
37,SILAO,GUANAJUATO
38,TARANDACUAO,GUANAJUATO
39,TARIMORO,GUANAJUATO
40,TIERRABLANCA,GUANAJUATO
41,URIANGATO,GUANAJUATO
42,VALLE DE SANTIAGO,GUANAJUATO
43,VICTORIA,GUANAJUATO
44,VILLAGRAN,GUANAJUATO
45,XICHU,GUANAJUATO
46,YURIRIA,GUANAJUATO
1,ACAPULCO DE JUAREZ,GUERRERO
76,ACATEPEC,GUERRERO
2,AHUACUOTZINGO,GUERRERO
3,AJUCHITLAN DEL PROGRESO,GUERRERO
4,ALCOZAUCA DE GUERRERO,GUERRERO
5,ALPOYECA,GUERRERO
6,APAXTLA,GUERRERO
7,ARCELIA,GUERRERO
8,ATENANGO DEL RIO,GUERRERO
9,ATLAMAJALCINGO DEL MONTE,GUERRERO
10,ATLIXTAC,GUERRERO
11,ATOYAC DE ALVAREZ,GUERRERO
12,AYUTLA DE LOS LIBRES,GUERRERO
13,AZOYU,GUERRERO
14,BENITO JUAREZ,GUERRERO
15,BUENAVISTA DE CUELLAR,GUERRERO
28,CHILAPA DE ALVAREZ,GUERRERO
29,CHILPANCINGO DE LOS BRAVO,GUERRERO
16,COAHUAYUTLA DE JOSE MARIA IZAZAGA,GUERRERO
78,COCHOAPA EL GRANDE,GUERRERO
17,COCULA,GUERRERO
18,COPALA,GUERRERO
19,COPALILLO,GUERRERO
20,COPANATOYAC,GUERRERO
21,COYUCA DE BENITEZ,GUERRERO
22,COYUCA DE CATALAN,GUERRERO
23,CUAJINICUILAPA,GUERRERO
24,CUALAC,GUERRERO
25,CUAUTEPEC,GUERRERO
26,CUETZALA DEL PROGRESO,GUERRERO
27,CUTZAMALA DE PINZON,GUERRERO
75,EDUARDO NERI,GUERRERO
30,FLORENCIO VILLARREAL,GUERRERO
31,GENERAL CANUTO A. NERI,GUERRERO
32,GENERAL HELIODORO CASTILLO,GUERRERO
33,HUAMUXTITLAN,GUERRERO
34,HUITZUCO DE LOS FIGUEROA,GUERRERO
35,IGUALA DE LA INDEPENDENCIA,GUERRERO
36,IGUALAPA,GUERRERO
81,ILIATENCO,GUERRERO
37,IXCATEOPAN DE CUAUHTEMOC,GUERRERO
79,JOSE JOAQUIN DE HERRERA,GUERRERO
39,JUAN R. ESCUDERO,GUERRERO
80,JUCHITAN,GUERRERO
40,LEONARDO BRAVO,GUERRERO
41,MALINALTEPEC,GUERRERO
77,MARQUELIA,GUERRERO
42,MARTIR DE CUILAPAN,GUERRERO
43,METLATONOC,GUERRERO
44,MOCHITLAN,GUERRERO
45,OLINALA,GUERRERO
46,OMETEPEC,GUERRERO
47,PEDRO ASCENCIO ALQUICIRAS,GUERRERO
48,PETATLAN,GUERRERO
49,PILCAYA,GUERRERO
50,PUNGARABATO,GUERRERO
51,QUECHULTENANGO,GUERRERO
52,SAN LUIS ACATLAN,GUERRERO
53,SAN MARCOS,GUERRERO
54,SAN MIGUEL TOTOLAPAN,GUERRERO
55,TAXCO DE ALARCON,GUERRERO
56,TECOANAPA,GUERRERO
57,TECPAN DE GALEANA,GUERRERO
58,TELOLOAPAN,GUERRERO
59,TEPECOACUILCO DE TRUJANO,GUERRERO
60,TETIPAC,GUERRERO
61,TIXTLA DE GUERRERO,GUERRERO
62,TLACOACHISTLAHUACA,GUERRERO
63,TLACOAPA,GUERRERO
64,TLALCHAPA,GUERRERO
65,TLALIXTAQUILLA DE MALDONADO,GUERRERO
66,TLAPA DE COMONFORT,GUERRERO
67,TLAPEHUALA,GUERRERO
68,"UNION DE ISIDORO MONTES DE OCA, LA",GUERRERO
69,XALPATLAHUAC,GUERRERO
70,XOCHIHUEHUETLAN,GUERRERO
71,XOCHISTLAHUACA,GUERRERO
72,ZAPOTITLAN TABLAS,GUERRERO
38,ZIHUATANEJO DE AZUETA,GUERRERO
73,ZIRANDARO,GUERRERO
74,ZITLALA,GUERRERO
1,ACATLAN,HIDALGO
2,ACAXOCHITLAN,HIDALGO
3,ACTOPAN,HIDALGO
4,AGUA BLANCA DE ITURBIDE,HIDALGO
5,AJACUBA,HIDALGO
6,ALFAJAYUCAN,HIDALGO
7,ALMOLOYA,HIDALGO
8,APAN,HIDALGO
10,ATITALAQUIA,HIDALGO
11,ATLAPEXCO,HIDALGO
13,ATOTONILCO DE TULA,HIDALGO
12,ATOTONILCO EL GRANDE,HIDALGO
14,CALNALI,HIDALGO
15,CARDONAL,HIDALGO
17,CHAPANTONGO,HIDALGO
18,CHAPULHUACAN,HIDALGO
19,CHILCUAUTLA,HIDALGO
16,CUAUTEPEC DE HINOJOSA,HIDALGO
9,EL ARENAL,HIDALGO
20,ELOXOCHITLAN,HIDALGO
21,EMILIANO ZAPATA,HIDALGO
22,EPAZOYUCAN,HIDALGO
23,FRANCISCO I. MADERO,HIDALGO
24,HUASCA DE OCAMPO,HIDALGO
25,HUAUTLA,HIDALGO
26,HUAZALINGO,HIDALGO
27,HUEHUETLA,HIDALGO
28,HUEJUTLA DE REYES,HIDALGO
29,HUICHAPAN,HIDALGO
30,IXMIQUILPAN,HIDALGO
31,JACALA DE LEDEZMA,HIDALGO
32,JALTOCAN,HIDALGO
33,JUAREZ HIDALGO,HIDALGO
40,LA MISION,HIDALGO
34,LOLOTLA,HIDALGO
35,METEPEC,HIDALGO
37,METZTITLAN,HIDALGO
51,MINERAL DE LA REFORMA,HIDALGO
38,MINERAL DEL CHICO,HIDALGO
39,MINERAL DEL MONTE,HIDALGO
41,MIXQUIAHUALA DE JUAREZ,HIDALGO
42,MOLANGO DE ESCAMILLA,HIDALGO
43,NICOLAS FLORES,HIDALGO
44,NOPALA DE VILLAGRAN,HIDALGO
45,OMITLAN DE JUAREZ,HIDALGO
48,PACHUCA DE SOTO,HIDALGO
47,PACULA,HIDALGO
49,PISAFLORES,HIDALGO
50,PROGRESO DE OBREGON,HIDALGO
36,SAN AGUSTIN METZQUITITLAN,HIDALGO
52,SAN AGUSTIN TLAXIACA,HIDALGO
53,SAN BARTOLO TUTOTEPEC,HIDALGO
46,SAN FELIPE ORIZATLAN,HIDALGO
54,SAN SALVADOR,HIDALGO
55,SANTIAGO DE ANAYA,HIDALGO
56,SANTIAGO TULANTEPEC DE LUGO GUERRERO,HIDALGO
57,SINGUILUCAN,HIDALGO
58,TASQUILLO,HIDALGO
59,TECOZAUTLA,HIDALGO
60,TENANGO DE DORIA,HIDALGO
61,TEPEAPULCO,HIDALGO
62,TEPEHUACAN DE GUERRERO,HIDALGO
63,TEPEJI DEL RIO DE OCAMPO,HIDALGO
64,TEPETITLAN,HIDALGO
65,TETEPANGO,HIDALGO
67,TEZONTEPEC DE ALDAMA,HIDALGO
68,TIANGUISTENGO,HIDALGO
69,TIZAYUCA,HIDALGO
70,TLAHUELILPAN,HIDALGO
71,TLAHUILTEPA,HIDALGO
72,TLANALAPA,HIDALGO
73,TLANCHINOL,HIDALGO
74,TLAXCOAPAN,HIDALGO
75,TOLCAYUCA,HIDALGO
76,TULA DE ALLENDE,HIDALGO
77,TULANCINGO DE BRAVO,HIDALGO
66,VILLA DE TEZONTEPEC,HIDALGO
78,XOCHIATIPAN,HIDALGO
79,XOCHICOATLAN,HIDALGO
80,YAHUALICA,HIDALGO
81,ZACUALTIPAN DE ANGELES,HIDALGO
82,ZAPOTLAN DE JUAREZ,HIDALGO
83,ZEMPOALA,HIDALGO
84,ZIMAPAN,HIDALGO
1,ACATIC,JALISCO
2,ACATLAN DE JUAREZ,JALISCO
3,AHUALULCO DE MERCADO,JALISCO
4,AMACUECA,JALISCO
5,AMATITAN,JALISCO
6,AMECA,JALISCO
8,ARANDAS,JALISCO
10,ATEMAJAC DE BRIZUELA,JALISCO
11,ATENGO,JALISCO
12,ATENGUILLO,JALISCO
13,ATOTONILCO EL ALTO,JALISCO
14,ATOYAC,JALISCO
15,AUTLAN DE NAVARRO,JALISCO
16,AYOTLAN,JALISCO
17,AYUTLA,JALISCO
19,BOLANOS,JALISCO
20,CABO CORRIENTES,JALISCO
21,CASIMIRO CASTILLO,JALISCO
30,CHAPALA,JALISCO
31,CHIMALTITAN,JALISCO
32,CHIQUILISTLAN,JALISCO
22,CIHUATLAN,JALISCO
24,COCULA,JALISCO
25,COLOTLAN,JALISCO
26,CONCEPCION DE BUENOS AIRES,JALISCO
27,CUAUTITLAN DE GARCIA BARRAGAN,JALISCO
28,CUAUTLA,JALISCO
29,CUQUIO,JALISCO
33,DEGOLLADO,JALISCO
34,EJUTLA,JALISCO
9,EL ARENAL,JALISCO
37,EL GRULLO,JALISCO
54,EL LIMON,JALISCO
70,EL SALTO,JALISCO
35,ENCARNACION DE DIAZ,JALISCO
36,ETZATLAN,JALISCO
79,GOMEZ FARIAS,JALISCO
38,GUACHINANGO,JALISCO
39,GUADALAJARA,JALISCO
40,HOSTOTIPAQUILLO,JALISCO
41,HUEJUCAR,JALISCO
42,HUEJUQUILLA EL ALTO,JALISCO
44,IXTLAHUACAN DE LOS MEMBRILLOS,JALISCO
45,IXTLAHUACAN DEL RIO,JALISCO
46,JALOSTOTITLAN,JALISCO
47,JAMAY,JALISCO
48,JESUS MARIA,JALISCO
49,JILOTLAN DE LOS DOLORES,JALISCO
50,JOCOTEPEC,JALISCO
51,JUANACATLAN,JALISCO
52,JUCHITLAN,JALISCO
18,LA BARCA,JALISCO
43,LA HUERTA,JALISCO
57,LA MANZANILLA DE LA PAZ,JALISCO
53,LAGOS DE MORENO,JALISCO
55,MAGDALENA,JALISCO
58,MASCOTA,JALISCO
59,MAZAMITLA,JALISCO
60,MEXTICACAN,JALISCO
61,MEZQUITIC,JALISCO
62,MIXTLAN,JALISCO
63,OCOTLAN,JALISCO
64,OJUELOS DE JALISCO,JALISCO
65,PIHUAMO,JALISCO
66,PONCITLAN,JALISCO
67,PUERTO VALLARTA,JALISCO
69,QUITUPAN,JALISCO
71,SAN CRISTOBAL DE LA BARRANCA,JALISCO
72,SAN DIEGO DE ALEJANDRIA,JALISCO
113,SAN GABRIEL,JALISCO
73,SAN JUAN DE LOS LAGOS,JALISCO
7,SAN JUANITO DE ESCOBEDO,JALISCO
74,SAN JULIAN,JALISCO
75,SAN MARCOS,JALISCO
76,SAN MARTIN DE BOLANOS,JALISCO
77,SAN MARTIN HIDALGO,JALISCO
78,SAN MIGUEL EL ALTO,JALISCO
80,SAN SEBASTIAN DEL OESTE,JALISCO
56,SANTA MARIA DEL ORO,JALISCO
82,SAYULA,JALISCO
81,STA. MA. DE LOS ANGELES,JALISCO
83,TALA,JALISCO
84,TALPA DE ALLENDE,JALISCO
85,TAMAZULA DE GORDIANO,JALISCO
86,TAPALPA,JALISCO
87,TECALITLAN,JALISCO
89,TECHALUTA DE MONTENEGRO,JALISCO
88,TECOLOTLAN,JALISCO
92,TECUITATLAN DE CORONA,JALISCO
90,TENAMAXTLAN,JALISCO
91,TEOCALTICHE,JALISCO
93,TEPATITLAN DE MORELOS,JALISCO
94,TEQUILA,JALISCO
95,TEUCHITLAN,JALISCO
96,TIZAPAN EL ALTO,JALISCO
97,TLAJOMULCO DE ZUNIGA,JALISCO
98,TLAQUEPAQUE,JALISCO
99,TOLIMAN,JALISCO
100,TOMATLAN,JALISCO
101,TONALA,JALISCO
102,TONAYA,JALISCO
103,TONILA,JALISCO
104,TOTATIQUE,JALISCO
105,TOTOTLAN,JALISCO
106,TUXCACUESCO,JALISCO
107,TUXCUECA,JALISCO
108,TUXPAN,JALISCO
109,UNION DE SAN ANTONIO,JALISCO
110,UNION DE TULA,JALISCO
111,VALLE DE GUADALUPE,JALISCO
112,VALLE DE JUAREZ,JALISCO
114,VILLA CORONA,JALISCO
115,VILLA GUERRERO,JALISCO
116,VILLA HIDALGO,JALISCO
117,VILLA OBREGON,JALISCO
68,VILLA PURIFICACION,JALISCO
118,YAHUALICA DE GLEZ. GALLO,JALISCO
119,ZACOALCO DE TORRES,JALISCO
120,ZAPOPAN,JALISCO
121,ZAPOTILTIC,JALISCO
122,ZAPOTITLAN,JALISCO
123,ZAPOTLAN DEL REY,JALISCO
23,ZAPOTLAN EL GRANDE,JALISCO
124,ZAPOTLANEJO,JALISCO
1,ACAMBAY,MEXICO
2,ACOLMAN,MEXICO
3,ACULCO,MEXICO
4,ALMOLOYA DE ALQUISIRAS,MEXICO
5,ALMOLOYA DE JUAREZ,MEXICO
6,ALMOLOYA DEL RIO,MEXICO
7,AMANALCO,MEXICO
8,AMATEPEC,MEXICO
9,AMECAMECA,MEXICO
10,APAXCO,MEXICO
11,ATENCO,MEXICO
12,ATIZAPAN,MEXICO
13,ATIZAPAN DE ZARAGOZA,MEXICO
14,ATLACOMULCO,MEXICO
15,ATLAUTLA,MEXICO
16,AXAPUSCO,MEXICO
17,AYAPANGO,MEXICO
18,CALIMAYA,MEXICO
19,CAPULHUAC,MEXICO
25,CHALCO,MEXICO
26,CHAPA DE MOTA,MEXICO
27,CHAPULTEPEC,MEXICO
28,CHIAUTLA,MEXICO
29,CHICOLOAPAN,MEXICO
30,CHICONCUAC,MEXICO
31,CHIMALHUACAN,MEXICO
20,COACALCO DE BERRIOZABAL,MEXICO
21,COATEPEC HARINAS,MEXICO
22,COCOTITLAN,MEXICO
23,COYOTEPEC,MEXICO
24,CUAUTITLAN,MEXICO
121,CUAUTITLAN IZCALLI,MEXICO
32,DONATO GUERRA,MEXICO
33,ECATEPEC DE MORELOS,MEXICO
34,ECATZINGO,MEXICO
64,EL ORO,MEXICO
35,HUEHUETOCA,MEXICO
36,HUEYPOXTLA,MEXICO
37,HUIXQUILUCAN,MEXICO
38,ISIDRO FABELA,MEXICO
39,IXTAPALUCA,MEXICO
40,IXTAPAN DE LA SAL,MEXICO
41,IXTAPAN DEL ORO,MEXICO
42,IXTLAHUACA,MEXICO
44,JALTENCO,MEXICO
45,JILOTEPEC,MEXICO
46,JILOTZINGO,MEXICO
47,JIQUIPILCO,MEXICO
48,JOCOTITLAN,MEXICO
49,JOQUICINGO,MEXICO
50,JUCHITEPEC,MEXICO
70,LA PAZ,MEXICO
51,LERMA,MEXICO
123,LUVIANOS,MEXICO
52,MALINALCO,MEXICO
53,MELCHOR OCAMPO,MEXICO
54,METEPEC,MEXICO
55,MEXICALTZINGO,MEXICO
56,MORELOS,MEXICO
57,NAUCALPAN DE JUAREZ,MEXICO
59,NEXTLALPAN,MEXICO
58,NEZAHUALCOYOTL,MEXICO
60,NICOLAS ROMERO,MEXICO
61,NOPALTEPEC,MEXICO
62,OCOYOACAC,MEXICO
63,OCUILAN,MEXICO
65,OTUMBA,MEXICO
66,OTZOLOAPAN,MEXICO
67,OTZOLOTEPEC,MEXICO
68,OZUMBA,MEXICO
69,PAPALOTLA,MEXICO
71,POLOTITLAN,MEXICO
72,RAYON,MEXICO
73,SAN ANTONIO LA ISLA,MEXICO
74,SAN FELIPE DEL PROGRESO,MEXICO
124,SAN JOSE DEL RINCON,MEXICO
75,SAN MARTIN DE LAS PIRAMIDES,MEXICO
76,SAN MATEO ATENCO,MEXICO
77,SAN SIMON DE GUERRERO,MEXICO
78,SANTO TOMAS,MEXICO
79,SOYANIQUILPAN DE JUAREZ,MEXICO
80,SULTEPEC,MEXICO
81,TECAMAC,MEXICO
82,TEJUPILCO,MEXICO
83,TEMAMATLA,MEXICO
84,TEMASCALAPA,MEXICO
85,TEMASCALCINGO,MEXICO
86,TEMASCALTEPEC,MEXICO
87,TEMOAYA,MEXICO
88,TENANCINGO,MEXICO
89,TENANGO DEL AIRE,MEXICO
90,TENANGO DEL VALLE,MEXICO
91,TEOLOYUCAN,MEXICO
92,TEOTIHUACAN,MEXICO
93,TEPETLAOXTOC,MEXICO
94,TEPETLIXPA,MEXICO
95,TEPOTZOTLAN,MEXICO
96,TEQUIXQUIAC,MEXICO
97,TEXCALTITLAN,MEXICO
98,TEXCALYACAC,MEXICO
99,TEXCOCO,MEXICO
100,TEZOYUCA,MEXICO
101,TIANGUISTENCO,MEXICO
102,TIMILPAN,MEXICO
103,TLALMANALCO,MEXICO
104,TLALNEPANTLA DE BAZ,MEXICO
105,TLATLAYA,MEXICO
106,TOLUCA,MEXICO
125,TONANITLA,MEXICO
107,TONATICO,MEXICO
108,TULTEPEC,MEXICO
109,TULTITLAN,MEXICO
110,VALLE DE BRAVO,MEXICO
122,VALLE DE CHALCO SOLIDARIDAD,MEXICO
111,VILLA DE ALLENDE,MEXICO
112,VILLA DEL CARBON,MEXICO
113,VILLA GUERRERO,MEXICO
114,VILLA VICTORIA,MEXICO
43,XALATLACO,MEXICO
115,XONACATLAN,MEXICO
116,ZACAZONAPAN,MEXICO
117,ZACUALPAN,MEXICO
118,ZINACANTEPEC,MEXICO
119,ZUMPAHUACAN,MEXICO
120,ZUMPANGO,MEXICO
1,ACUITZIO,MICHOACAN
2,AGUILILLA,MICHOACAN
3,ALVARO OBREGON,MICHOACAN
4,ANGAMACUTIRO DE LA UNION,MICHOACAN
5,ANGANGUEO,MICHOACAN
6,APATZINGAN,MICHOACAN
7,APORO,MICHOACAN
8,AQUILA,MICHOACAN
9,ARIO,MICHOACAN
10,ARTEAGA,MICHOACAN
11,BRISENAS,MICHOACAN
12,BUENAVISTA,MICHOACAN
13,CARACUARO,MICHOACAN
21,CHARAPAN,MICHOACAN
22,CHARO,MICHOACAN
23,CHAVINDA,MICHOACAN
24,CHERAN,MICHOACAN
25,CHILCHOTA,MICHOACAN
26,CHINICUILA,MICHOACAN
27,CHUCANDIRO,MICHOACAN
28,CHURINTZIO,MICHOACAN
29,CHURUMUCO,MICHOACAN
14,COAHUAYANA,MICHOACAN
15,COALCOMAN DE VAZQUEZ PALLARES,MICHOACAN
16,COENEO,MICHOACAN
74,COJUMATLAN DE REGULES,MICHOACAN
17,CONTEPEC,MICHOACAN
18,COPANDARO,MICHOACAN
19,COTIJA,MICHOACAN
20,CUITZEO,MICHOACAN
30,ECUANDUREO,MICHOACAN
31,EPITACIO HUERTA,MICHOACAN
32,ERONGARICUARO,MICHOACAN
33,GABRIEL ZAMORA,MICHOACAN
34,HIDALGO,MICHOACAN
36,HUANDACAREO,MICHOACAN
37,HUANIQUEO,MICHOACAN
38,HUETAMO,MICHOACAN
39,HUIRAMBA,MICHOACAN
40,INDAPARAPEO,MICHOACAN
41,IRIMBO,MICHOACAN
42,IXTLAN,MICHOACAN
43,JACONA,MICHOACAN
44,JIMENEZ,MICHOACAN
45,JIQUILPAN,MICHOACAN
113,JOSE SIXTO VERDUZCO,MICHOACAN
46,JUAREZ,MICHOACAN
47,JUNGAPEO,MICHOACAN
35,LA HUACANA,MICHOACAN
69,LA PIEDAD,MICHOACAN
48,LAGUNILLAS,MICHOACAN
52,LAZARO CARDENAS,MICHOACAN
75,LOS REYES,MICHOACAN
49,MADERO,MICHOACAN
50,MARAVATIO,MICHOACAN
51,MARCOS CASTELLANOS,MICHOACAN
53,MORELIA,MICHOACAN
54,MORELOS,MICHOACAN
55,MUGICA,MICHOACAN
56,NAHUATZEN,MICHOACAN
57,NOCUPETARO,MICHOACAN
58,NUEVO PARANGARICUTIRO,MICHOACAN
59,NUEVO URECHO,MICHOACAN
60,NUMARAN,MICHOACAN
61,OCAMPO,MICHOACAN
62,PAJACUARAN,MICHOACAN
63,PANINDICUARO,MICHOACAN
65,PARACHO,MICHOACAN
64,PARACUARO,MICHOACAN
66,PATZCUARO,MICHOACAN
67,PENJAMILLO,MICHOACAN
68,PERIBAN,MICHOACAN
70,PUREPERO,MICHOACAN
71,PURUANDIRO,MICHOACAN
72,QUERENDARO,MICHOACAN
73,QUIROGA,MICHOACAN
76,SAHUAYO,MICHOACAN
79,SALVADOR ESCALANTE,MICHOACAN
77,SAN LUCAS,MICHOACAN
78,SANTA ANA MAYA,MICHOACAN
80,SENGUIO,MICHOACAN
81,SUSUPUATO,MICHOACAN
82,TACAMBARO,MICHOACAN
83,TANCITARO,MICHOACAN
84,TANGAMANDAPIO,MICHOACAN
85,TANGANCICUARO,MICHOACAN
86,TANHUATO,MICHOACAN
87,TARETAN,MICHOACAN
88,TARIMBARO,MICHOACAN
89,TEPALCATEPEC,MICHOACAN
90,TINGAMBATO,MICHOACAN
91,TINGUINDIN,MICHOACAN
92,TIQUICHEO,MICHOACAN
93,TLALPUJAHUA,MICHOACAN
94,TLAZAZALCA,MICHOACAN
95,TOCUMBO,MICHOACAN
96,TUMBISCATIO,MICHOACAN
97,TURICATO,MICHOACAN
98,TUXPAN,MICHOACAN
99,TUZANTLA,MICHOACAN
100,TZINTZUNTZAN,MICHOACAN
101,TZITZIO,MICHOACAN
102,URUAPAN,MICHOACAN
103,VENUSTIANO CARRANZA,MICHOACAN
104,VILLAMAR,MICHOACAN
105,VISTA HERMOSA,MICHOACAN
106,YURECUARO,MICHOACAN
107,ZACAPU,MICHOACAN
108,ZAMORA,MICHOACAN
109,ZINAPARO,MICHOACAN
110,ZINAPECUARO,MICHOACAN
111,ZIRACUARETIRO,MICHOACAN
112,ZITACUARO,MICHOACAN
1,AMACUZAC,MORELOS
2,ATLATLAHUCAN,MORELOS
3,AXOCHIAPAN,MORELOS
4,AYALA,MORELOS
34,COATETELCO,MORELOS
5,COATLAN DEL RIO,MORELOS
6,CUAUTLA,MORELOS
7,CUERNAVACA,MORELOS
8,EMILIANO ZAPATA,MORELOS
36,HUEYAPAN,MORELOS
9,HUITZILAC,MORELOS
10,JANTETELCO,MORELOS
11,JIUTEPEC,MORELOS
12,JOJUTLA,MORELOS
13,JONACATEPEC,MORELOS
14,MAZATEPEC,MORELOS
15,MIACATLAN,MORELOS
16,OCUITUCO,MORELOS
17,PUENTE DE IXTLA,MORELOS
18,TEMIXCO,MORELOS
33,TEMOAC,MORELOS
19,TEPALCINGO,MORELOS
20,TEPOZTLAN,MORELOS
21,TETECALA,MORELOS
22,TETELA DEL VOLCAN,MORELOS
23,TLALNEPANTLA,MORELOS
24,TLALTIZAPAN,MORELOS
25,TLAQUILTENANGO,MORELOS
26,TLAYACAPAN,MORELOS
27,TOTOLAPAN,MORELOS
28,XOCHITEPEC,MORELOS
35,XOXOCOTLA,MORELOS
29,YAUTEPEC,MORELOS
30,YECAPIXTLA,MORELOS
31,ZACATEPEC,MORELOS
32,ZACUALPAN,MORELOS
1,ACAPONETA,NAYARIT
2,AHUACATLAN,NAYARIT
3,AMATLAN DE CANAS,NAYARIT
20,BAHIA DE BANDERAS,NAYARIT
4,COMPOSTELA,NAYARIT
9,DEL NAYAR,NAYARIT
5,HUAJICORI,NAYARIT
6,IXTLAN DEL RIO,NAYARIT
7,JALA,NAYARIT
19,LA YESCA,NAYARIT
10,ROSAMORADA,NAYARIT
11,RUIZ,NAYARIT
12,SAN BLAS,NAYARIT
13,SAN PEDRO LAGUNILLAS,NAYARIT
14,SANTA MARIA DEL ORO,NAYARIT
15,SANTIAGO IXCUINTLA,NAYARIT
16,TECUALA,NAYARIT
17,TEPIC,NAYARIT
18,TUXPAN,NAYARIT
8,XALISCO,NAYARIT
1,ABASOLO,NUEVO LEON
2,AGUALEGUAS,NUEVO LEON
4,ALLENDE,NUEVO LEON
5,ANAHUAC,NUEVO LEON
6,APODACA,NUEVO LEON
7,ARAMBERRI,NUEVO LEON
8,BUSTAMANTE,NUEVO LEON
9,CADEREYTA JIMENEZ,NUEVO LEON
10,CARMEN,NUEVO LEON
11,CERRALVO,NUEVO LEON
13,CHINA,NUEVO LEON
12,CIENEGA DE FLORES,NUEVO LEON
52,COLOMBIA,NUEVO LEON
14,DOCTOR ARROYO,NUEVO LEON
15,DOCTOR COSS,NUEVO LEON
16,DOCTOR GONZALEZ,NUEVO LEON
17,GALEANA,NUEVO LEON
18,GARCIA,NUEVO LEON
20,GENERAL BRAVO,NUEVO LEON
21,GENERAL ESCOBEDO,NUEVO LEON
22,GENERAL TERAN,NUEVO LEON
23,GENERAL TREVINO,NUEVO LEON
24,GENERAL ZARAGOZA,NUEVO LEON
25,GENERAL ZUAZUA,NUEVO LEON
26,GUADALUPE,NUEVO LEON
47,HIDALGO,NUEVO LEON
28,HIGUERAS,NUEVO LEON
29,HUALAHUISES,NUEVO LEON
30,ITURBIDE,NUEVO LEON
31,JUAREZ,NUEVO LEON
32,LAMPAZOS DE NARANJO,NUEVO LEON
33,LINARES,NUEVO LEON
3,LOS ALDAMAS,NUEVO LEON
27,LOS HERRERAS,NUEVO LEON
42,LOS RAMONES,NUEVO LEON
34,MARIN,NUEVO LEON
35,MELCHOR OCAMPO,NUEVO LEON
36,MIER Y NORIEGA,NUEVO LEON
37,MINA,NUEVO LEON
38,MONTEMORELOS,NUEVO LEON
39,MONTERREY,NUEVO LEON
40,PARAS,NUEVO LEON
41,PESQUERIA,NUEVO LEON
43,RAYONES,NUEVO LEON
44,SABINAS HIDALGO,NUEVO LEON
45,SALINAS VICTORIA,NUEVO LEON
46,SAN NICOLAS DE LOS GARZA,NUEVO LEON
19,SAN PEDRO GARZA GARCIA,NUEVO LEON
48,SANTA CATARINA,NUEVO LEON
49,SANTIAGO,NUEVO LEON
50,VALLECILLO,NUEVO LEON
51,VILLALDAMA,NUEVO LEON
1,ABEJONES,OAXACA
2,ACATLAN DE PEREZ FIGUEROA,OAXACA
174,ANIMAS TRUJANO,OAXACA
3,ASUNCION CACALOTEPEC,OAXACA
4,ASUNCION CUYOTEPEJI,OAXACA
5,ASUNCION IXTALTEPEC,OAXACA
6,ASUNCION NOCHIXTLAN,OAXACA
7,ASUNCION OCOTLAN,OAXACA
8,ASUNCION TLACOLULITA,OAXACA
398,AYOQUEZCO DE ALDAMA,OAXACA
9,AYOTZINTEPEC,OAXACA
10,BARRIO DE LA SOLEDAD,OAXACA
11,CALIHUALA,OAXACA
12,CANDELARIA LOXICHA,OAXACA
247,CAPULALPAM DE MENDEZ,OAXACA
25,CHAHUITES,OAXACA
26,CHALCATONGO DE HIDALGO,OAXACA
27,CHIQUIHUITLAN DE BENITO JUAREZ,OAXACA
13,CIENEGA DE ZIMATLAN,OAXACA
14,CIUDAD IXTEPEC,OAXACA
15,COATECAS ALTAS,OAXACA
16,COICOYAN DE LAS FLORES,OAXACA
18,CONCEPCION BUENAVISTA,OAXACA
19,CONCEPCION PAPALO,OAXACA
20,CONSTANCIA DEL ROSARIO,OAXACA
21,COSOLAPA,OAXACA
22,COSOLTEPEC,OAXACA
23,CUILAPAM DE GUERRERO,OAXACA
24,CUYAMECALCO VILLA DE ZARAGOZA,OAXACA
30,EL ESPINAL,OAXACA
29,ELOXOCHITLAN DE FLORES MAGON,OAXACA
32,FRESNILLO DE TRUJANO,OAXACA
34,GUADALUPE DE RAMIREZ,OAXACA
33,GUADALUPE ETLA,OAXACA
35,GUELATAO DE JUAREZ,OAXACA
36,GUEVEA DE HUMBOLDT,OAXACA
28,HEROICA CIUDAD DE EJUTLA DE CRESPO,OAXACA
39,HEROICA CIUDAD DE HUAJUAPAN DE LEON,OAXACA
43,HEROICA CIUDAD DE JUCHITAN DE ZARAGOZA,OAXACA
397,HEROICA CIUDAD DE TLAXIACO,OAXACA
549,"HEROICA VILLA TEZOATLAN DE SEGURA Y LUNA, CUNA DE LA INDEPENDENCIA DE OAXACA",OAXACA
40,HUAUTEPEC,OAXACA
41,HUAUTLA DE JIMENEZ,OAXACA
65,IXPANTEPEC NIEVES,OAXACA
42,IXTLAN DE JUAREZ,OAXACA
17,LA COMPAÑIA,OAXACA
69,LA PE,OAXACA
76,LA REFORMA,OAXACA
556,LA TRINIDAD VISTA HERNOSA,OAXACA
44,LOMA BONITA,OAXACA
45,MAGDALENA APASCO,OAXACA
46,MAGDALENA JALTEPEC,OAXACA
48,MAGDALENA MIXTEPEC,OAXACA
49,MAGDALENA OCOTLAN,OAXACA
50,MAGDALENA PENASCO,OAXACA
51,MAGDALENA TEITIPAC,OAXACA
52,MAGDALENA TEQUISISTLAN,OAXACA
53,MAGDALENA TLACOTEPEC,OAXACA
562,MAGDALENA YODOCONO DE PORFIRIO DIAZ,OAXACA
54,MAGDALENA ZAHUATLAN,OAXACA
55,MARISCALA DE JUAREZ,OAXACA
56,MARTIRES DE TACUBAYA,OAXACA
57,MATIAS ROMERO AVENDAÑO,OAXACA
58,MAZATLAN VILLA DE FLORES,OAXACA
37,MESONES HIDALGO,OAXACA
468,MESONES HIDALGO,OAXACA
59,MIAHUATLAN DE PORFIRIO DIAZ,OAXACA
60,MIXISTLAN DE LA REFORMA,OAXACA
61,MONJAS,OAXACA
62,NATIVIDAD,OAXACA
63,NAZARENO ETLA,OAXACA
64,NEJAPA DE MADERO,OAXACA
504,NUEVO ZOQUIAPAM,OAXACA
67,OAXACA DE JUAREZ,OAXACA
68,OCOTLAN DE MORELOS,OAXACA
70,PINOTEPA DE DON LUIS,OAXACA
71,PLUMA HIDALGO,OAXACA
73,PUTLA VILLA DE GUERRERO,OAXACA
75,REFORMA DE PINEDA,OAXACA
77,REYES ETLA,OAXACA
78,ROJAS DE CUAUHTEMOC,OAXACA
79,SALINA CRUZ,OAXACA
80,SAN AGUSTIN AMATENGO,OAXACA
81,SAN AGUSTIN ATENANGO,OAXACA
82,SAN AGUSTIN CHAYUCO,OAXACA
83,SAN AGUSTIN DE LAS JUNTAS,OAXACA
84,SAN AGUSTIN ETLA,OAXACA
85,SAN AGUSTIN LOXICHA,OAXACA
86,SAN AGUSTIN TLACOTEPEC,OAXACA
87,SAN AGUSTIN YATARENI,OAXACA
88,SAN ANDRES CABECERA NUEVA,OAXACA
89,SAN ANDRES DINICUITI,OAXACA
90,SAN ANDRES HUAXPALTEPEC,OAXACA
91,SAN ANDRES HUAYAPAM,OAXACA
92,SAN ANDRES IXTLAHUACA,OAXACA
93,SAN ANDRES LAGUNAS,OAXACA
94,SAN ANDRES NUXINO,OAXACA
95,SAN ANDRES PAXTLAN,OAXACA
96,SAN ANDRES SINAXTLA,OAXACA
97,SAN ANDRES SOLAGA,OAXACA
98,SAN ANDRES TEOTILALPAM,OAXACA
99,SAN ANDRES TEPETLAPA,OAXACA
100,SAN ANDRES YAA,OAXACA
101,SAN ANDRES ZABACHE,OAXACA
102,SAN ANDRES ZAUTLA,OAXACA
106,SAN ANTONIO ACUTLA,OAXACA
103,SAN ANTONIO CASTILLO VELASCO,OAXACA
107,SAN ANTONIO DE LA CAL,OAXACA
104,SAN ANTONIO EL ALTO,OAXACA
108,SAN ANTONIO HUITEPEC,OAXACA
105,SAN ANTONIO MONTE VERDE,OAXACA
109,SAN ANTONIO NANAHUATIPAM,OAXACA
110,SAN ANTONIO SINICAHUA,OAXACA
111,SAN ANTONIO TEPETLAPA,OAXACA
112,SAN BALTAZAR CHICHICAPAM,OAXACA
113,SAN BALTAZAR LOXICHA,OAXACA
114,SAN BALTAZAR YATZACHI EL BAJO,OAXACA
115,SAN BARTOLO COYOTEPEC,OAXACA
121,SAN BARTOLO SOYALTEPEC,OAXACA
122,SAN BARTOLO YAUTEPEC,OAXACA
116,SAN BARTOLOME AYAUTLA,OAXACA
117,SAN BARTOLOME LOXICHA,OAXACA
118,SAN BARTOLOME QUIALANA,OAXACA
119,SAN BARTOLOME YUCUANE,OAXACA
120,SAN BARTOLOME ZOOGOCHO,OAXACA
123,SAN BERNARDO MIXTEPEC,OAXACA
124,SAN BLAS ATEMPA,OAXACA
125,SAN CARLOS YAUTEPEC,OAXACA
126,SAN CRISTOBAL AMATLAN,OAXACA
127,SAN CRISTOBAL AMOLTEPEC,OAXACA
128,SAN CRISTOBAL LACHIRIOAG,OAXACA
129,SAN CRISTOBAL SUCHIXTLAHUACA,OAXACA
130,SAN DIONISIO DEL MAR,OAXACA
131,SAN DIONISIO OCOTEPEC,OAXACA
132,SAN DIONISIO OCOTLAN,OAXACA
133,SAN ESTEBAN ATATLAHUCA,OAXACA
134,SAN FELIPE JALAPA DE DIAZ,OAXACA
135,SAN FELIPE TEJALAPAM,OAXACA
136,SAN FELIPE USILA,OAXACA
137,SAN FRANCISCO CAHUACUA,OAXACA
138,SAN FRANCISCO CAJONOS,OAXACA
139,SAN FRANCISCO CHAPULAPA,OAXACA
140,SAN FRANCISCO CHINDUA,OAXACA
141,SAN FRANCISCO DEL MAR,OAXACA
142,SAN FRANCISCO HUEHUETLAN,OAXACA
143,SAN FRANCISCO IXHUATAN,OAXACA
144,SAN FRANCISCO JALTEPETONGO,OAXACA
145,SAN FRANCISCO LACHIGOLO,OAXACA
146,SAN FRANCISCO LOGUECHE,OAXACA
147,SAN FRANCISCO NUXANO,OAXACA
148,SAN FRANCISCO OZOLOTEPEC,OAXACA
149,SAN FRANCISCO SOLA,OAXACA
150,SAN FRANCISCO TELIXTLAHUACA,OAXACA
151,SAN FRANCISCO TEOPAN,OAXACA
152,SAN FRANCISCO TLAPANCINGO,OAXACA
153,SAN GABRIEL MIXTEPEC,OAXACA
154,SAN ILDEFONSO AMATLAN,OAXACA
155,SAN ILDEFONSO SOLA,OAXACA
156,SAN ILDEFONSO VILLA ALTA,OAXACA
157,SAN JACINTO AMILPAS,OAXACA
158,SAN JACINTO TLACOTEPEC,OAXACA
159,SAN JERONIMO COATLAN,OAXACA
160,SAN JERONIMO SILACAYOAPILLA,OAXACA
161,SAN JERONIMO SOSOLA,OAXACA
162,SAN JERONIMO TAVICHE,OAXACA
163,SAN JERONIMO TECOATL,OAXACA
550,SAN JERONIMO TLACOCHAHUAYA,OAXACA
164,SAN JORGE NUCHITA,OAXACA
165,SAN JOSE AYUQUILA,OAXACA
166,SAN JOSE CHILTEPEC,OAXACA
167,SAN JOSE DEL PENASCO,OAXACA
72,SAN JOSE DEL PROGRESO,OAXACA
168,SAN JOSE ESTANCIA GRANDE,OAXACA
169,SAN JOSE INDEPENDENCIA,OAXACA
170,SAN JOSE LACHIGUIRI,OAXACA
171,SAN JOSE TENANGO,OAXACA
172,SAN JUAN ACHIUTLA,OAXACA
173,SAN JUAN ATEPEC,OAXACA
175,SAN JUAN BAUTISTA ATATLAHUACA,OAXACA
176,SAN JUAN BAUTISTA COIXTLAHUACA,OAXACA
177,SAN JUAN BAUTISTA CUICATLAN,OAXACA
178,SAN JUAN BAUTISTA GUELACHE,OAXACA
179,SAN JUAN BAUTISTA JAYACATLAN,OAXACA
180,SAN JUAN BAUTISTA LO DE SOTO,OAXACA
181,SAN JUAN BAUTISTA SUCHITEPEC,OAXACA
183,SAN JUAN BAUTISTA TLACHICHILCO,OAXACA
182,SAN JUAN BAUTISTA TLACOATZINTEPEC,OAXACA
184,SAN JUAN BAUTISTA TUXTEPEC,OAXACA
559,SAN JUAN BAUTISTA VALLE NACIONAL,OAXACA
185,SAN JUAN CACAHUATEPEC,OAXACA
191,SAN JUAN CHICOMEZUCHIL,OAXACA
192,SAN JUAN CHILATECA,OAXACA
186,SAN JUAN CIENEGUILLA,OAXACA
187,SAN JUAN COATZOSPAM,OAXACA
188,SAN JUAN COLORADO,OAXACA
189,SAN JUAN COMALTEPEC,OAXACA
190,SAN JUAN COTZOCON,OAXACA
206,SAN JUAN DE LOS CUES,OAXACA
193,SAN JUAN DEL ESTADO,OAXACA
194,SAN JUAN DEL RIO,OAXACA
195,SAN JUAN DIUXI,OAXACA
196,SAN JUAN EVANGELISTA ANALCO,OAXACA
197,SAN JUAN GUELAVIA,OAXACA
198,SAN JUAN GUICHICOVI,OAXACA
199,SAN JUAN IGUALTEPEC,OAXACA
200,SAN JUAN JUQUILA MIXES,OAXACA
201,SAN JUAN JUQUILA VIJANOS,OAXACA
202,SAN JUAN LACHAO,OAXACA
203,SAN JUAN LACHIGALLA,OAXACA
204,SAN JUAN LAJARCIA,OAXACA
205,SAN JUAN LALANA,OAXACA
207,SAN JUAN MAZATLAN,OAXACA
208,SAN JUAN MIXTEPEC DISTR. 08,OAXACA
209,SAN JUAN MIXTEPEC DISTR. 26,OAXACA
210,SAN JUAN NUMI,OAXACA
211,SAN JUAN OZOLOTEPEC,OAXACA
212,SAN JUAN PETLAPA,OAXACA
213,SAN JUAN QUIAHIJE,OAXACA
214,SAN JUAN QUIOTEPEC,OAXACA
215,SAN JUAN SAYULTEPEC,OAXACA
216,SAN JUAN TABAA,OAXACA
217,SAN JUAN TAMAZOLA,OAXACA
218,SAN JUAN TEITA,OAXACA
219,SAN JUAN TEITIPAC,OAXACA
220,SAN JUAN TEPEUXILA,OAXACA
221,SAN JUAN TEPOSCOLULA,OAXACA
222,SAN JUAN YAEE,OAXACA
223,SAN JUAN YATZONA,OAXACA
224,SAN JUAN YUCUITA,OAXACA
225,SAN LORENZO,OAXACA
226,SAN LORENZO ALBARRADAS,OAXACA
227,SAN LORENZO CACAOTEPEC,OAXACA
228,SAN LORENZO CUAUNECUILTITLA,OAXACA
229,SAN LORENZO TEXMELUCAN,OAXACA
230,SAN LORENZO VICTORIA,OAXACA
231,SAN LUCAS CAMOTLAN,OAXACA
232,SAN LUCAS OJITLAN,OAXACA
233,SAN LUCAS QUIAVINI,OAXACA
234,SAN LUCAS ZOQUIAPAM,OAXACA
235,SAN LUIS AMATLAN,OAXACA
236,SAN MARCIAL OZOLOTEPEC,OAXACA
237,SAN MARCOS ARTEAGA,OAXACA
238,SAN MARTIN DE LOS CANSECOS,OAXACA
239,SAN MARTIN HUAMELULPAM,OAXACA
240,SAN MARTIN ITUNYOSO,OAXACA
241,SAN MARTIN LACHILA,OAXACA
242,SAN MARTIN PERAS,OAXACA
243,SAN MARTIN TILCAJETE,OAXACA
244,SAN MARTIN TOXPALAN,OAXACA
245,SAN MARTIN ZACATEPEC,OAXACA
246,SAN MATEO CAJONOS,OAXACA
248,SAN MATEO DEL MAR,OAXACA
250,SAN MATEO ETLATONGO,OAXACA
251,SAN MATEO NEJAPAN,OAXACA
252,SAN MATEO PENASCO,OAXACA
253,SAN MATEO PINAS,OAXACA
254,SAN MATEO RIO HONDO,OAXACA
255,SAN MATEO SINDIHUI,OAXACA
256,SAN MATEO TLAPILTEPEC,OAXACA
249,SAN MATEO YOLOXOCHITLAN,OAXACA
566,SAN MATEO YUCUTINDO,OAXACA
257,SAN MELCHOR BETAZA,OAXACA
258,SAN MIGUEL ACHIUTLA,OAXACA
259,SAN MIGUEL AHUEHUETITLAN,OAXACA
260,SAN MIGUEL ALOAPAM,OAXACA
261,SAN MIGUEL AMATITLAN,OAXACA
262,SAN MIGUEL AMATLAN,OAXACA
264,SAN MIGUEL CHICAHUA,OAXACA
265,SAN MIGUEL CHIMALAPA,OAXACA
263,SAN MIGUEL COATLAN,OAXACA
266,SAN MIGUEL DEL PUERTO,OAXACA
267,SAN MIGUEL DEL RIO,OAXACA
268,SAN MIGUEL EJUTLA,OAXACA
269,SAN MIGUEL EL GRANDE,OAXACA
270,SAN MIGUEL HUAUTLA,OAXACA
271,SAN MIGUEL MIXTEPEC,OAXACA
272,SAN MIGUEL PANIXTLAHUACA,OAXACA
273,SAN MIGUEL PERAS,OAXACA
274,SAN MIGUEL PIEDRAS,OAXACA
275,SAN MIGUEL QUETZALTEPEC,OAXACA
276,SAN MIGUEL SANTA FLOR,OAXACA
278,SAN MIGUEL SOYALTEPEC,OAXACA
279,SAN MIGUEL SUCHIXTEPEC,OAXACA
281,SAN MIGUEL TECOMATLAN,OAXACA
282,SAN MIGUEL TENANGO,OAXACA
283,SAN MIGUEL TEQUIXTEPEC,OAXACA
284,SAN MIGUEL TILQUIAPAM,OAXACA
285,SAN MIGUEL TLACAMAMA,OAXACA
286,SAN MIGUEL TLACOTEPEC,OAXACA
287,SAN MIGUEL TULANCINGO,OAXACA
288,SAN MIGUEL YOTAO,OAXACA
289,SAN NICOLAS,OAXACA
290,SAN NICOLAS HIDALGO,OAXACA
291,SAN PABLO COATLAN,OAXACA
292,SAN PABLO CUATRO VENADOS,OAXACA
293,SAN PABLO ETLA,OAXACA
294,SAN PABLO HUITZO,OAXACA
295,SAN PABLO HUIXTEPEC,OAXACA
296,SAN PABLO MACUILTIANGUIS,OAXACA
297,SAN PABLO TIJALTEPEC,OAXACA
298,SAN PABLO VILLA DE MITLA,OAXACA
299,SAN PABLO YAGANIZA,OAXACA
300,SAN PEDRO AMUZGOS,OAXACA
301,SAN PEDRO APOSTOL,OAXACA
302,SAN PEDRO ATOYAC,OAXACA
303,SAN PEDRO CAJONOS,OAXACA
304,SAN PEDRO CANTAROS,OAXACA
305,SAN PEDRO COMITANCILLO,OAXACA
306,SAN PEDRO EL ALTO,OAXACA
308,SAN PEDRO HILOTEPEC,OAXACA
307,SAN PEDRO HUAMELULA,OAXACA
309,SAN PEDRO IXCATLAN,OAXACA
310,SAN PEDRO IXTLAHUACA,OAXACA
311,SAN PEDRO JALTEPETONGO,OAXACA
312,SAN PEDRO JICAYAN,OAXACA
313,SAN PEDRO JOCOTIPAC,OAXACA
314,SAN PEDRO JUCHATENGO,OAXACA
315,SAN PEDRO MARTIR,OAXACA
316,SAN PEDRO MARTIR QUIECHAPA,OAXACA
317,SAN PEDRO MARTIR YUCUXACO,OAXACA
318,SAN PEDRO MIXTEPEC DISTR. 22,OAXACA
319,SAN PEDRO MIXTEPEC DISTR. 26,OAXACA
320,SAN PEDRO MOLINOS,OAXACA
321,SAN PEDRO NOPALA,OAXACA
322,SAN PEDRO OCOPETATILLO,OAXACA
323,SAN PEDRO OCOTEPEC,OAXACA
324,SAN PEDRO POCHUTLA,OAXACA
325,SAN PEDRO QUIATONI,OAXACA
326,SAN PEDRO SOCHIAPAM,OAXACA
327,SAN PEDRO TAPANATEPEC,OAXACA
328,SAN PEDRO TAVICHE,OAXACA
329,SAN PEDRO TEOZACOALCO,OAXACA
330,SAN PEDRO TEUTILA,OAXACA
331,SAN PEDRO TIDAA,OAXACA
332,SAN PEDRO TOPILTEPEC,OAXACA
333,SAN PEDRO TOTOLAPA,OAXACA
337,SAN PEDRO Y SAN PABLO AYUTLA,OAXACA
339,SAN PEDRO Y SAN PABLO TEPOSCOLULA,OAXACA
340,SAN PEDRO Y SAN PABLO TEQUIXTEPEC,OAXACA
335,SAN PEDRO YANERI,OAXACA
336,SAN PEDRO YOLOX,OAXACA
341,SAN PEDRO YUCUNAMA,OAXACA
342,SAN RAYMUNDO JALPAN,OAXACA
343,SAN SEBASTIAN ABASOLO,OAXACA
344,SAN SEBASTIAN COATLAN,OAXACA
345,SAN SEBASTIAN IXCAPA,OAXACA
346,SAN SEBASTIAN NICANANDUTA,OAXACA
347,SAN SEBASTIAN RIO HONDO,OAXACA
348,SAN SEBASTIAN TECOMAXTLAHUACA,OAXACA
349,SAN SEBASTIAN TEITIPAC,OAXACA
350,SAN SEBASTIAN TUTLA,OAXACA
351,SAN SIMON ALMOLONGAS,OAXACA
352,SAN SIMON ZAHUATLAN,OAXACA
534,SAN VICENTE COATLAN,OAXACA
535,SAN VICENTE LACHIXIO,OAXACA
536,SAN VICENTE NUNU,OAXACA
353,SANTA ANA,OAXACA
354,SANTA ANA ATEIXTLAHUACA,OAXACA
355,SANTA ANA CUAUHTEMOC,OAXACA
356,SANTA ANA DEL VALLE,OAXACA
357,SANTA ANA TAVELA,OAXACA
358,SANTA ANA TLAPACOYAN,OAXACA
359,SANTA ANA YARENI,OAXACA
360,SANTA ANA ZEGACHE,OAXACA
361,SANTA CATALINA QUIERI,OAXACA
362,SANTA CATARINA CUIXTLA,OAXACA
363,SANTA CATARINA IXTEPEJI,OAXACA
364,SANTA CATARINA JUQUILA,OAXACA
365,SANTA CATARINA LACHATAO,OAXACA
366,SANTA CATARINA LOXICHA,OAXACA
367,SANTA CATARINA MECHOACAN,OAXACA
368,SANTA CATARINA MINAS,OAXACA
369,SANTA CATARINA QUIANE,OAXACA
74,SANTA CATARINA QUIOQUITANI,OAXACA
370,SANTA CATARINA TAYATA,OAXACA
371,SANTA CATARINA TICUA,OAXACA
372,SANTA CATARINA YOSONOTU,OAXACA
373,SANTA CATARINA ZAPOQUILA,OAXACA
374,SANTA CRUZ ACATEPEC,OAXACA
375,SANTA CRUZ AMILPAS,OAXACA
376,SANTA CRUZ DE BRAVO,OAXACA
377,SANTA CRUZ ITUNDUJIA,OAXACA
378,SANTA CRUZ MIXTEPEC,OAXACA
379,SANTA CRUZ NUNDACO,OAXACA
380,SANTA CRUZ PAPALUTLA,OAXACA
381,SANTA CRUZ TACACHE DE MINA,OAXACA
382,SANTA CRUZ TACAHUA,OAXACA
383,SANTA CRUZ TAYATA,OAXACA
384,SANTA CRUZ XITLA,OAXACA
385,SANTA CRUZ XOXOCOTLAN,OAXACA
386,SANTA CRUZ ZENZONTEPEC,OAXACA
387,SANTA GERTRUDIS,OAXACA
569,SANTA INES DE ZARAGOZA,OAXACA
388,SANTA INES DEL MONTE,OAXACA
389,SANTA INES YATZECHE,OAXACA
390,SANTA LUCIA DEL CAMINO,OAXACA
391,SANTA LUCIA MIAHUATLAN,OAXACA
392,SANTA LUCIA MONTEVERDE,OAXACA
393,SANTA LUCIA OCOTLAN,OAXACA
47,SANTA MAGDALENA JICOTLAN,OAXACA
394,SANTA MARIA ALOTEPEC,OAXACA
395,SANTA MARIA APAZCO,OAXACA
399,SANTA MARIA ATZOMPA,OAXACA
400,SANTA MARIA CAMOTLAN,OAXACA
404,SANTA MARIA CHACHOAPAM,OAXACA
406,SANTA MARIA CHILCHOTLA,OAXACA
407,SANTA MARIA CHIMALAPA,OAXACA
401,SANTA MARIA COLOTEPEC,OAXACA
402,SANTA MARIA CORTIJO,OAXACA
403,SANTA MARIA COYOTEPEC,OAXACA
408,SANTA MARIA DEL ROSARIO,OAXACA
409,SANTA MARIA DEL TULE,OAXACA
410,SANTA MARIA ECATEPEC,OAXACA
411,SANTA MARIA GUELACE,OAXACA
412,SANTA MARIA GUIENAGATI,OAXACA
413,SANTA MARIA HUATULCO,OAXACA
414,SANTA MARIA HUAZOLOTITLAN,OAXACA
415,SANTA MARIA IPALAPA,OAXACA
416,SANTA MARIA IXCATLAN,OAXACA
417,SANTA MARIA JACATEPEC,OAXACA
418,SANTA MARIA JALAPA DEL MARQUES,OAXACA
419,SANTA MARIA JALTIANGUIS,OAXACA
396,SANTA MARIA LA ASUNCION,OAXACA
420,SANTA MARIA LACHIXIO,OAXACA
421,SANTA MARIA MIXTEQUILLA,OAXACA
422,SANTA MARIA NATIVITAS,OAXACA
423,SANTA MARIA NDUAYACO,OAXACA
424,SANTA MARIA OZOLOTEPEC,OAXACA
425,SANTA MARIA PAPALO,OAXACA
426,SANTA MARIA PENOLES,OAXACA
427,SANTA MARIA PETAPA,OAXACA
428,SANTA MARIA QUIEGOLANI,OAXACA
429,SANTA MARIA SOLA,OAXACA
430,SANTA MARIA TATALTEPEC,OAXACA
431,SANTA MARIA TECOMAVACA,OAXACA
432,SANTA MARIA TEMAXCALAPA,OAXACA
433,SANTA MARIA TEMAXCALTEPEC,OAXACA
434,SANTA MARIA TEOPOXCO,OAXACA
435,SANTA MARIA TEPANTLALI,OAXACA
436,SANTA MARIA TEXCATITLAN,OAXACA
437,SANTA MARIA TLAHUITOLTEPEC,OAXACA
438,SANTA MARIA TLALIXTAC,OAXACA
439,SANTA MARIA TONAMECA,OAXACA
440,SANTA MARIA TOTOLAPILLA,OAXACA
441,SANTA MARIA XADANI,OAXACA
442,SANTA MARIA YALINA,OAXACA
443,SANTA MARIA YAVESIA,OAXACA
444,SANTA MARIA YOLOTEPEC,OAXACA
445,SANTA MARIA YOSOYUA,OAXACA
446,SANTA MARIA YUCUHITI,OAXACA
447,SANTA MARIA ZACATEPEC,OAXACA
448,SANTA MARIA ZANIZA,OAXACA
449,SANTA MARIA ZOQUITLAN,OAXACA
450,SANTIAGO AMOLTEPEC,OAXACA
451,SANTIAGO APOALA,OAXACA
452,SANTIAGO APOSTOL,OAXACA
453,SANTIAGO ASTATA,OAXACA
454,SANTIAGO ATITLAN,OAXACA
455,SANTIAGO AYUQUILILLA,OAXACA
456,SANTIAGO CACALOXTEPEC,OAXACA
457,SANTIAGO CAMOTLAN,OAXACA
459,SANTIAGO CHAZUMBA,OAXACA
460,SANTIAGO CHOAPAN,OAXACA
458,SANTIAGO COMALTEPEC,OAXACA
461,SANTIAGO DEL RIO,OAXACA
462,SANTIAGO HUAJOLOTITLAN,OAXACA
463,SANTIAGO HUAUCLILLA,OAXACA
464,SANTIAGO IHUITLAN PLUMAS,OAXACA
465,SANTIAGO IXCUINTEPEC,OAXACA
466,SANTIAGO IXTAYUTLA,OAXACA
467,SANTIAGO JAMILTEPEC,OAXACA
488,SANTIAGO JOCOTEPEC,OAXACA
469,SANTIAGO JUXTLAHUACA,OAXACA
470,SANTIAGO LACHIGUIRI,OAXACA
471,SANTIAGO LALOPA,OAXACA
472,SANTIAGO LAOLLAGA,OAXACA
473,SANTIAGO LAXOPA,OAXACA
474,SANTIAGO LLANO GRANDE,OAXACA
475,SANTIAGO MATATLAN,OAXACA
476,SANTIAGO MILTEPEC,OAXACA
477,SANTIAGO MINAS,OAXACA
478,SANTIAGO NACALTEPEC,OAXACA
479,SANTIAGO NEJAPILLA,OAXACA
66,SANTIAGO NILTEPEC,OAXACA
480,SANTIAGO NUNDICHI,OAXACA
481,SANTIAGO NUYOO,OAXACA
482,SANTIAGO PINOTEPA NACIONAL,OAXACA
483,SANTIAGO SUCHILQUITONGO,OAXACA
484,SANTIAGO TAMAZOLA,OAXACA
485,SANTIAGO TAPEXTLA,OAXACA
487,SANTIAGO TENANGO,OAXACA
489,SANTIAGO TETEPEC,OAXACA
490,SANTIAGO TEXCALCINGO,OAXACA
491,SANTIAGO TEXTITLAN,OAXACA
492,SANTIAGO TILANTONGO,OAXACA
493,SANTIAGO TILLO,OAXACA
494,SANTIAGO TLAZOYALTEPEC,OAXACA
495,SANTIAGO XANICA,OAXACA
496,SANTIAGO XIACUI,OAXACA
497,SANTIAGO YAITEPEC,OAXACA
498,SANTIAGO YAVEO,OAXACA
499,SANTIAGO YOLOMECATL,OAXACA
500,SANTIAGO YOSONDUA,OAXACA
501,SANTIAGO YUCUYACHI,OAXACA
502,SANTIAGO ZACATEPEC,OAXACA
503,SANTIAGO ZOOCHILA,OAXACA
506,SANTO DOMINGO ALBARRADAS,OAXACA
507,SANTO DOMINGO ARMENTA,OAXACA
508,SANTO DOMINGO CHIHUITAN,OAXACA
509,SANTO DOMINGO DE MORELOS,OAXACA
505,SANTO DOMINGO INGENIO,OAXACA
510,SANTO DOMINGO IXCATLAN,OAXACA
511,SANTO DOMINGO NUXAA,OAXACA
512,SANTO DOMINGO OZOLOTEPEC,OAXACA
513,SANTO DOMINGO PETAPA,OAXACA
514,SANTO DOMINGO ROAYAGA,OAXACA
515,SANTO DOMINGO TEHUANTEPEC,OAXACA
516,SANTO DOMINGO TEOJOMULCO,OAXACA
517,SANTO DOMINGO TEPUXTEPEC,OAXACA
518,SANTO DOMINGO TLATAYAPAM,OAXACA
519,SANTO DOMINGO TOMALTEPEC,OAXACA
520,SANTO DOMINGO TONALA,OAXACA
521,SANTO DOMINGO TONALTEPEC,OAXACA
522,SANTO DOMINGO XAGACIA,OAXACA
523,SANTO DOMINGO YANHUITLAN,OAXACA
524,SANTO DOMINGO YODOHINO,OAXACA
525,SANTO DOMINGO ZANATEPEC,OAXACA
530,SANTO TOMAS JALIEZA,OAXACA
531,SANTO TOMAS MAZALTEPEC,OAXACA
532,SANTO TOMAS OCOTEPEC,OAXACA
533,SANTO TOMAS TAMAZULAPAN,OAXACA
526,SANTOS REYES NOPALA,OAXACA
527,SANTOS REYES PAPALO,OAXACA
528,SANTOS REYES TEPEJILLO,OAXACA
529,SANTOS REYES YUCUNA,OAXACA
537,SILACAYOAPAM,OAXACA
538,SITIO DE XITLAPEHUA,OAXACA
539,SOLEDAD ETLA,OAXACA
31,TAMAZULAPAM DEL ESPIRITU SANTO,OAXACA
542,TANICHE,OAXACA
543,TATALTEPEC DE VALDES,OAXACA
541,TENETZE DE ZARAGOZA,OAXACA
544,TEOCOCUILCO DE MARCOS PEREZ,OAXACA
545,TEOTITLAN DE FLORES MAGON,OAXACA
546,TEOTITLAN DEL VALLE,OAXACA
547,TEOTONGO,OAXACA
548,TEPELMEME VILLA DE MORELOS,OAXACA
551,TLACOLULA DE MATAMOROS,OAXACA
552,TLACOTEPEC PLUMAS,OAXACA
553,TLALIXTAC DE CABRERA,OAXACA
554,TOTONTEPEC VILLA DE MORELOS,OAXACA
555,TRINIDAD ZAACHILA,OAXACA
557,UNION HIDALGO,OAXACA
558,VALERIO TRUJANO,OAXACA
405,VILLA DE CHILAPA DE DIAZ,OAXACA
338,VILLA DE ETLA,OAXACA
540,VILLA DE TAMAZULAPAN DEL PROGRESO,OAXACA
334,VILLA DE TUTUTEPEC DE MELCHOR OCAMPO,OAXACA
565,VILLA DE ZAACHILA,OAXACA
560,VILLA DIAZ ORDAZ,OAXACA
38,VILLA HIDALGO,OAXACA
277,VILLA SOLA DE VEGA,OAXACA
280,VILLA TALEA DE CASTRO,OAXACA
486,VILLA TEJUPAM DE LA UNION,OAXACA
561,YAXE,OAXACA
563,YOGANA,OAXACA
564,YUTANDUCHI DE GUERRERO,OAXACA
567,ZAPOTITLAN LAGUNAS,OAXACA
568,ZAPOTITLAN PALMAS,OAXACA
570,ZIMATLAN DE ALVAREZ,OAXACA
1,ACAJETE,PUEBLA
2,ACATENO,PUEBLA
3,ACATLAN,PUEBLA
4,ACATZINGO,PUEBLA
5,ACTEOPAN,PUEBLA
6,AHUACATLAN,PUEBLA
7,AHUATLAN,PUEBLA
8,AHUAZOTEPEC,PUEBLA
9,AHUEHUETITLA,PUEBLA
10,AJALPAN,PUEBLA
11,ALBINO ZERTUCHE,PUEBLA
12,ALJOJUCA,PUEBLA
13,ALTEPEXI,PUEBLA
14,AMIXTLAN,PUEBLA
15,AMOZOC,PUEBLA
16,AQUIXTLA,PUEBLA
17,ATEMPAN,PUEBLA
18,ATEXCAL,PUEBLA
80,ATLEQUIZAYAN,PUEBLA
19,ATLIXCO,PUEBLA
20,ATOYATEMPAN,PUEBLA
21,ATZALA,PUEBLA
22,ATZITZIHUACAN,PUEBLA
23,ATZITZINTLA,PUEBLA
24,AXUTLA,PUEBLA
25,AYOTOXCO DE GUERRERO,PUEBLA
26,CALPAN,PUEBLA
27,CALTEPEC,PUEBLA
28,CAMOCUAUTLA,PUEBLA
99,CAÑADA MORELOS,PUEBLA
29,CAXHUACAN,PUEBLA
45,CHALCHICOMULA DE SESMA,PUEBLA
46,CHAPULCO,PUEBLA
47,CHIAUTLA,PUEBLA
48,CHIAUTZINGO,PUEBLA
50,CHICHIQUILA,PUEBLA
49,CHICONCUAUTLA,PUEBLA
51,CHIETLA,PUEBLA
52,CHIGMECATITLAN,PUEBLA
53,CHIGNAHUAPAN,PUEBLA
54,CHIGNAUTLA,PUEBLA
55,CHILA,PUEBLA
56,CHILA DE LA SAL,PUEBLA
58,CHILCHOTLA,PUEBLA
59,CHINANTLA,PUEBLA
30,COATEPEC,PUEBLA
31,COATZINGO,PUEBLA
32,COHETZALA,PUEBLA
33,COHUECAN,PUEBLA
34,CORONANGO,PUEBLA
35,COXCATLAN,PUEBLA
36,COYOMEAPAN,PUEBLA
37,COYOTEPEC,PUEBLA
38,CUAPIAXTLA DE MADERO,PUEBLA
39,CUAUTEMPAN,PUEBLA
40,CUAUTINCHAN,PUEBLA
41,CUAUTLANCINGO,PUEBLA
42,CUAYUCA DE ANDRADE,PUEBLA
43,CUETZALAN DEL PROGRESO,PUEBLA
44,CUYOACO,PUEBLA
60,DOMINGO ARENAS,PUEBLA
61,ELOXOCHITLAN,PUEBLA
62,EPATLAN,PUEBLA
63,ESPERANZA,PUEBLA
64,FRANCISCO Z. MENA,PUEBLA
65,GENERAL FELIPE ANGELES,PUEBLA
66,GUADALUPE,PUEBLA
67,GUADALUPE VICTORIA,PUEBLA
68,HERMENEGILDO GALEANA,PUEBLA
57,HONEY,PUEBLA
69,HUAQUECHULA,PUEBLA
70,HUATLATLAUCA,PUEBLA
71,HUAUCHINANGO,PUEBLA
72,HUEHUETLA,PUEBLA
73,HUEHUETLAN EL CHICO,PUEBLA
150,HUEHUETLAN EL GRANDE,PUEBLA
74,HUEJOTZINGO,PUEBLA
75,HUEYAPAN,PUEBLA
76,HUEYTAMALCO,PUEBLA
77,HUEYTLALPAN,PUEBLA
78,HUITZILAN DE SERDAN,PUEBLA
79,HUITZILTEPEC,PUEBLA
81,IXCAMILPA DE GUERRERO,PUEBLA
82,IXCAQUIXTLA,PUEBLA
83,IXTACAMAXTITLAN,PUEBLA
84,IXTEPEC,PUEBLA
85,IZUCAR DE MATAMOROS,PUEBLA
86,JALPAN,PUEBLA
87,JOLALPAN,PUEBLA
88,JONOTLA,PUEBLA
89,JOPALA,PUEBLA
90,JUAN C. BONILLA,PUEBLA
91,JUAN GALINDO,PUEBLA
92,JUAN N. MENDEZ,PUEBLA
95,LA MAGDALENA TLATLAUQUITEPEC,PUEBLA
93,LAFRAGUA,PUEBLA
94,LIBRES,PUEBLA
118,LOS REYES DE JUAREZ,PUEBLA
96,MAZAPILTEPEC DE JUAREZ,PUEBLA
97,MIXTLA,PUEBLA
98,MOLCAXAC,PUEBLA
100,NAUPAN,PUEBLA
101,NAUZONTLA,PUEBLA
102,NEALTICAN,PUEBLA
103,NICOLAS BRAVO,PUEBLA
104,NOPALUCAN,PUEBLA
105,OCOTEPEC,PUEBLA
106,OCOYUCAN,PUEBLA
107,OLINTLA,PUEBLA
108,ORIENTAL,PUEBLA
109,PAHUATLAN,PUEBLA
110,PALMAR DE BRAVO,PUEBLA
111,PANTEPEC,PUEBLA
112,PETLALCINGO,PUEBLA
113,PIAXTLA,PUEBLA
114,PUEBLA,PUEBLA
115,QUECHOLAC,PUEBLA
116,QUIMIXTLAN,PUEBLA
117,RAFAEL LARA GRAJALES,PUEBLA
119,SAN ANDRES CHOLULA,PUEBLA
120,SAN ANTONIO CANADA,PUEBLA
121,SAN DIEGO LA MESA TOCHIMILTZINGO,PUEBLA
122,SAN FELIPE TEOTLALCINGO,PUEBLA
123,SAN FELIPE TEPATLAN,PUEBLA
124,SAN GABRIEL CHILAC,PUEBLA
125,SAN GREGORIO ATZOMPA,PUEBLA
126,SAN JERONIMO TECUANIPAN,PUEBLA
127,SAN JERONIMO XAYACATLAN,PUEBLA
128,SAN JOSE CHIAPA,PUEBLA
129,SAN JOSE MIAHUATLAN,PUEBLA
130,SAN JUAN ATENCO,PUEBLA
131,SAN JUAN ATZOMPA,PUEBLA
132,SAN MARTIN TEXMELUCAN,PUEBLA
133,SAN MARTIN TOTOLTEPEC,PUEBLA
134,SAN MATIAS TLALANCALECA,PUEBLA
135,SAN MIGUEL IXITLAN,PUEBLA
136,SAN MIGUEL XOXTLA,PUEBLA
137,SAN NICOLAS BUENOS AIRES,PUEBLA
138,SAN NICOLAS LOS RANCHOS,PUEBLA
139,SAN PABLO ANICANO,PUEBLA
140,SAN PEDRO CHOLULA,PUEBLA
141,SAN PEDRO YELOIXTLAHUACA,PUEBLA
142,SAN SALVADOR EL SECO,PUEBLA
143,SAN SALVADOR EL VERDE,PUEBLA
144,SAN SALVADOR HUIXCOLOTLA,PUEBLA
145,SAN SEBASTIAN TLACOTEPEC,PUEBLA
146,SANTA CATARINA TLALTEMPAN,PUEBLA
147,SANTA INES AHUATEMPAN,PUEBLA
148,SANTA ISABEL CHOLULA,PUEBLA
149,SANTIAGO MIAHUATLAN,PUEBLA
151,SANTO TOMAS HUEYOTLIPAN,PUEBLA
152,SOLTEPEC,PUEBLA
153,TECALI DE HERRERA,PUEBLA
154,TECAMACHALCO,PUEBLA
155,TECOMATLAN,PUEBLA
156,TEHUACAN,PUEBLA
157,TEHUITZINGO,PUEBLA
158,TENAMPULCO,PUEBLA
159,TEOPANTLAN,PUEBLA
160,TEOTLALCO,PUEBLA
161,TEPANCO DE LOPEZ,PUEBLA
162,TEPANGO DE RODRIGUEZ,PUEBLA
163,TEPATLAXCO DE HIDALGO,PUEBLA
164,TEPEACA,PUEBLA
165,TEPEMAXALCO,PUEBLA
166,TEPEOJUMA,PUEBLA
167,TEPETZINTLA,PUEBLA
168,TEPEXCO,PUEBLA
169,TEPEXI DE RODRIGUEZ,PUEBLA
170,TEPEYAHUALCO,PUEBLA
171,TEPEYAHUALCO CUAUHTEMOC,PUEBLA
172,TETELA DE OCAMPO,PUEBLA
173,TETELES DE AVILA CASTILLO,PUEBLA
174,TEZIUTLAN,PUEBLA
175,TIANGUISMANALCO,PUEBLA
176,TILAPA,PUEBLA
179,TLACHICHUCA,PUEBLA
177,TLACOTEPEC DE BENITO JUAREZ,PUEBLA
178,TLACUILOTEPEC,PUEBLA
180,TLAHUAPAN,PUEBLA
182,TLALNEPANTLA,PUEBLA
181,TLALTENANGO,PUEBLA
183,TLAOLA,PUEBLA
184,TLAPACOYA,PUEBLA
185,TLAPANALA,PUEBLA
186,TLATLAUQUITEPEC,PUEBLA
187,TLAXCO,PUEBLA
188,TOCHIMILCO,PUEBLA
189,TOCHTEPEC,PUEBLA
190,TOTOLTEPEC DE GUERRERO,PUEBLA
191,TULCINGO,PUEBLA
192,TUZAMAPAN DE GALEANA,PUEBLA
193,TZICATLACOYAN,PUEBLA
194,VENUSTIANO CARRANZA,PUEBLA
195,VICENTE GUERRERO,PUEBLA
196,XAYACATLAN DE BRAVO,PUEBLA
197,XICOTEPEC,PUEBLA
198,XICOTLAN,PUEBLA
199,XIUTETELCO,PUEBLA
200,XOCHIAPULCO,PUEBLA
201,XOCHILTEPEC,PUEBLA
202,XOCHITLAN DE VICENTE SUAREZ,PUEBLA
203,XOCHITLAN TODOS SANTOS,PUEBLA
204,YAONAHUAC,PUEBLA
205,YEHUALTEPEC,PUEBLA
206,ZACAPALA,PUEBLA
207,ZACAPOAXTLA,PUEBLA
208,ZACATLAN,PUEBLA
209,ZAPOTITLAN,PUEBLA
210,ZAPOTITLAN DE MENDEZ,PUEBLA
211,ZARAGOZA,PUEBLA
212,ZAUTLA,PUEBLA
213,ZIHUATEUTLA,PUEBLA
214,ZINACATEPEC,PUEBLA
215,ZONGOZOTLA,PUEBLA
216,ZOQUIAPAN,PUEBLA
217,ZOQUITLAN,PUEBLA
1,AMEALCO DE BONFIL,QUERETARO
3,ARROYO SECO,QUERETARO
4,CADEREYTA DE MONTES,QUERETARO
5,COLON,QUERETARO
6,CORREGIDORA,QUERETARO
11,EL MARQUES,QUERETARO
7,EZEQUIEL MONTES,QUERETARO
8,HUIMILPAN,QUERETARO
9,JALPAN DE SERRA,QUERETARO
10,LANDA DE MATAMOROS,QUERETARO
12,PEDRO ESCOBEDO,QUERETARO
13,PENAMILLER,QUERETARO
2,PINAL DE AMOLES,QUERETARO
14,QUERETARO,QUERETARO
15,SAN JOAQUIN,QUERETARO
16,SAN JUAN DEL RIO,QUERETARO
17,TEQUISQUIAPAN,QUERETARO
18,TOLIMAN,QUERETARO
10,BACALAR,QUINTANA ROO
5,BENITO JUAREZ,QUINTANA ROO
1,COZUMEL,QUINTANA ROO
2,FELIPE CARRILLO PUERTO,QUINTANA ROO
3,ISLA MUJERES,QUINTANA ROO
6,JOSE MARIA MORELOS,QUINTANA ROO
7,LAZARO CARDENAS,QUINTANA ROO
4,OTHON P. BLANCO,QUINTANA ROO
11,PUERTO MORELOS,QUINTANA ROO
8,SOLIDARIDAD,QUINTANA ROO
9,TULUM,QUINTANA ROO
1,AHUALULCO,SAN LUIS POTOSI
2,ALAQUINES,SAN LUIS POTOSI
3,AQUISMON,SAN LUIS POTOSI
4,ARMADILLO DE LOS INFANTE,SAN LUIS POTOSI
53,AXTLA DE TERRAZAS,SAN LUIS POTOSI
5,CARDENAS,SAN LUIS POTOSI
6,CATORCE,SAN LUIS POTOSI
7,CEDRAL,SAN LUIS POTOSI
8,CERRITOS,SAN LUIS POTOSI
9,CERRO DE SAN PEDRO,SAN LUIS POTOSI
15,CHARCAS,SAN LUIS POTOSI
10,CIUDAD DEL MAIZ,SAN LUIS POTOSI
11,CIUDAD FERNANDEZ,SAN LUIS POTOSI
13,CIUDAD VALLES,SAN LUIS POTOSI
14,COXCATLAN,SAN LUIS POTOSI
16,EBANO,SAN LUIS POTOSI
17,GUADALCAZAR,SAN LUIS POTOSI
18,HUEHUETLAN,SAN LUIS POTOSI
19,LAGUNILLAS,SAN LUIS POTOSI
20,MATEHUALA,SAN LUIS POTOSI
57,MATLAPA,SAN LUIS POTOSI
21,MEXQUITIC DE CARMONA,SAN LUIS POTOSI
22,MOCTEZUMA,SAN LUIS POTOSI
58,"NARANJO, EL",SAN LUIS POTOSI
23,RAYON,SAN LUIS POTOSI
24,RIOVERDE,SAN LUIS POTOSI
25,SALINAS,SAN LUIS POTOSI
26,SAN ANTONIO,SAN LUIS POTOSI
27,SAN CIRO DE ACOSTA,SAN LUIS POTOSI
28,SAN LUIS POTOSI,SAN LUIS POTOSI
29,SAN MARTIN CHALCHICUAUTLA,SAN LUIS POTOSI
30,SAN NICOLAS TOLENTINO,SAN LUIS POTOSI
34,SAN VICENTE TANCUAYALAB,SAN LUIS POTOSI
31,SANTA CATARINA,SAN LUIS POTOSI
32,SANTA MARIA DEL RIO,SAN LUIS POTOSI
33,SANTO DOMINGO,SAN LUIS POTOSI
35,SOLEDAD DE GRACIANO SANCHEZ,SAN LUIS POTOSI
36,TAMASOPO,SAN LUIS POTOSI
37,TAMAZUNCHALE,SAN LUIS POTOSI
38,TAMPACAN,SAN LUIS POTOSI
39,TAMPAMOLON CORONA,SAN LUIS POTOSI
40,TAMUIN,SAN LUIS POTOSI
12,TANCANHUITZ,SAN LUIS POTOSI
41,TANLAJAS,SAN LUIS POTOSI
42,TANQUIAN DE ESCOBEDO,SAN LUIS POTOSI
43,TIERRA NUEVA,SAN LUIS POTOSI
44,VANEGAS,SAN LUIS POTOSI
45,VENADO,SAN LUIS POTOSI
56,VILLA DE ARISTA,SAN LUIS POTOSI
46,VILLA DE ARRIAGA,SAN LUIS POTOSI
47,VILLA DE GUADALUPE,SAN LUIS POTOSI
48,VILLA DE LA PAZ,SAN LUIS POTOSI
49,VILLA DE RAMOS,SAN LUIS POTOSI
50,VILLA DE REYES,SAN LUIS POTOSI
51,VILLA HIDALGO,SAN LUIS POTOSI
52,VILLA JUAREZ,SAN LUIS POTOSI
54,XILITLA,SAN LUIS POTOSI
55,ZARAGOZA,SAN LUIS POTOSI
1,AHOME,SINALOA
2,ANGOSTURA,SINALOA
3,BADIRAGUATO,SINALOA
7,CHOIX,SINALOA
4,CONCORDIA,SINALOA
5,COSALA,SINALOA
6,CULIACAN,SINALOA
10,EL FUERTE,SINALOA
8,ELOTA,SINALOA
9,ESCUINAPA,SINALOA
11,GUASAVE,SINALOA
12,MAZATLAN,SINALOA
13,MOCORITO,SINALOA
18,NAVOLATO,SINALOA
14,ROSARIO,SINALOA
15,SALVADOR ALVARADO,SINALOA
16,SAN IGNACIO,SINALOA
17,SINALOA,SINALOA
1,ACONCHI,SONORA
2,AGUAPRIETA,SONORA
3,ALAMOS,SONORA
4,ALTAR,SONORA
5,ARIVECHI,SONORA
6,ARIZPE,SONORA
7,ATIL,SONORA
8,BACADEHUACHI,SONORA
9,BACANORA,SONORA
11,BACOACHI,SONORA
12,BACUM,SONORA
13,BANAMICHI,SONORA
10,BASERAC,SONORA
14,BAVIACORA,SONORA
15,BAVISPE,SONORA
71,BENITO JUAREZ,SONORA
16,BENJAMIN HILL,SONORA
17,CABORCA,SONORA
18,CAJEME,SONORA
19,CANANEA,SONORA
20,CARBO,SONORA
22,CUCURPE,SONORA
23,CUMPAS,SONORA
24,DIVISADEROS,SONORA
25,EMPALME,SONORA
26,ETCHOJOA,SONORA
27,FRONTERAS,SONORA
70,GENERAL PLUTARCO ELIAS CALLES,SONORA
28,GRANADOS,SONORA
29,GUAYMAS,SONORA
30,HERMOSILLO,SONORA
31,HUACHINERA,SONORA
32,HUASABAS,SONORA
33,HUATABAMPO,SONORA
34,HUEPAC,SONORA
35,IMURIS,SONORA
21,LA COLORADA,SONORA
36,MAGDALENA,SONORA
37,MAZATLAN,SONORA
38,MOCTEZUMA,SONORA
39,NACO,SONORA
40,NACORI CHICO,SONORA
41,NACOZARI DE GARCIA,SONORA
42,NAVOJOA,SONORA
43,NOGALES,SONORA
44,ONAVAS,SONORA
45,OPODEPE,SONORA
46,OQUITOA,SONORA
47,PITIQUITO,SONORA
48,PUERTO PENASCO,SONORA
49,QUIRIEGO,SONORA
50,RAYON,SONORA
51,ROSARIO,SONORA
52,SAHUARIPA,SONORA
53,SAN FELIPE DE JESUS,SONORA
54,SAN JAVIER,SONORA
55,SAN LUIS RIO COLORADO,SONORA
56,SAN MIGUEL DE HORCASITAS,SONORA
57,SAN PEDRO DE LA CUEVA,SONORA
58,SANTA ANA,SONORA
59,SANTA CRUZ,SONORA
60,SARIC,SONORA
61,SOYOPA,SONORA
62,SUAQUI GRANDE,SONORA
63,TEPACHE,SONORA
64,TRINCHERAS,SONORA
65,TUBUTAMA,SONORA
66,URES,SONORA
67,VILLA HIDALGO,SONORA
68,VILLA PESQUEIRA,SONORA
69,YECORA,SONORA
1,BALANCAN,TABASCO
2,CARDENAS,TABASCO
3,CENTLA,TABASCO
4,CENTRO,TABASCO
5,COMALCALCO,TABASCO
6,CUNDUACAN,TABASCO
7,EMILIANO ZAPATA,TABASCO
8,HUIMANGUILLO,TABASCO
9,JALAPA,TABASCO
10,JALPA DE MENDEZ,TABASCO
11,JONUTA,TABASCO
12,MACUSPANA,TABASCO
13,NACAJUCA,TABASCO
14,PARAISO,TABASCO
15,TACOTALPA,TABASCO
16,TEAPA,TABASCO
17,TENOSIQUE,TABASCO
1,ABASOLO,TAMAULIPAS
2,ALDAMA,TAMAULIPAS
3,ALTAMIRA,TAMAULIPAS
4,ANTIGUO MORELOS,TAMAULIPAS
5,BURGOS,TAMAULIPAS
6,BUSTAMANTE,TAMAULIPAS
7,CAMARGO,TAMAULIPAS
8,CASAS,TAMAULIPAS
9,CIUDAD MADERO,TAMAULIPAS
10,CRUILLAS,TAMAULIPAS
21,EL MANTE,TAMAULIPAS
11,GOMEZ FARIAS,TAMAULIPAS
12,GONZALEZ,TAMAULIPAS
13,GUEMEZ,TAMAULIPAS
14,GUERRERO,TAMAULIPAS
15,GUSTAVO DIAZ ORDAZ,TAMAULIPAS
16,HIDALGO,TAMAULIPAS
17,JAUMAVE,TAMAULIPAS
18,JIMENEZ,TAMAULIPAS
19,LLERA,TAMAULIPAS
20,MAINERO,TAMAULIPAS
22,MATAMOROS,TAMAULIPAS
23,MENDEZ,TAMAULIPAS
24,MIER,TAMAULIPAS
25,MIGUEL ALEMAN,TAMAULIPAS
26,MIQUIHUANA,TAMAULIPAS
27,NUEVO LAREDO,TAMAULIPAS
28,NUEVO MORELOS,TAMAULIPAS
29,OCAMPO,TAMAULIPAS
30,PADILLA,TAMAULIPAS
31,PALMILLAS,TAMAULIPAS
32,REYNOSA,TAMAULIPAS
33,RIO BRAVO,TAMAULIPAS
34,SAN CARLOS,TAMAULIPAS
35,SAN FERNANDO,TAMAULIPAS
36,SAN NICOLAS,TAMAULIPAS
37,SOTO LA MARINA,TAMAULIPAS
38,TAMPICO,TAMAULIPAS
39,TULA,TAMAULIPAS
40,VALLE HERMOSO,TAMAULIPAS
41,VICTORIA,TAMAULIPAS
42,VILLAGRAN,TAMAULIPAS
43,XICOTENCATL,TAMAULIPAS
22,ACUAMANALA DE MIGUEL HIDALGO,TLAXCALA
5,ALTZAYANCA,TLAXCALA
1,AMAXAC DE GUERRERO,TLAXCALA
2,APETATITLAN DE ANTONIO CARVAJAL,TLAXCALA
3,APIZACO,TLAXCALA
4,ATLANGATEPEC,TLAXCALA
45,BENITO JUAREZ,TLAXCALA
6,CALPULALPAN,TLAXCALA
10,CHIAUTEMPAN,TLAXCALA
18,CONTLA DE JUAN CUAMATZI,TLAXCALA
8,CUAPIAXTLA,TLAXCALA
9,CUAXOMULCO,TLAXCALA
7,EL CARMEN TEQUEXQUITLA,TLAXCALA
46,EMILIANO ZAPATA,TLAXCALA
12,ESPANITA,TLAXCALA
13,HUAMANTLA,TLAXCALA
14,HUEYOTLIPAN,TLAXCALA
15,IXTACUIXTLA DE MARIANO MATAMOROS,TLAXCALA
16,IXTENCO,TLAXCALA
48,LA MAGDALENA TLALTELULCO,TLAXCALA
47,LAZARO CARDENAS,TLAXCALA
17,MAZATECOCHCO DE JOSE MARIA MORELOS,TLAXCALA
11,MUÑOZ DE DOMINGO ARENAS,TLAXCALA
21,NANACAMILPA DE MARIANO ARISTA,TLAXCALA
23,NATIVITAS,TLAXCALA
24,PANOTLA,TLAXCALA
41,PAPALOTLA DE XICOHTENCATL,TLAXCALA
49,SAN DAMIAN TEXOLOC,TLAXCALA
50,SAN FRANCISCO TETLANOHCAN,TLAXCALA
51,SAN JERONIMO ZACUALPAN,TLAXCALA
52,SAN JOSE TEACALCO,TLAXCALA
53,SAN JUAN HUACTZINCO,TLAXCALA
54,SAN LORENZO AXOCOMANITLA,TLAXCALA
55,SAN LUCAS TECOPILCO,TLAXCALA
25,SAN PABLO DEL MONTE,TLAXCALA
20,SANCTORUM DE LAZARO CARDENAS,TLAXCALA
56,SANTA ANA NOPALUCAN,TLAXCALA
57,SANTA APOLONIA TEACALCO,TLAXCALA
58,SANTA CATARINA AYOMETLA,TLAXCALA
59,SANTA CRUZ QUILEHTLA,TLAXCALA
26,SANTA CRUZ TLAXCALA,TLAXCALA
60,SANTA ISABEL XILOXOXTLA,TLAXCALA
27,TENANCINGO,TLAXCALA
28,TEOLOCHOLCO,TLAXCALA
19,TEPETITLA DE LARDIZABAL,TLAXCALA
29,TEPEYANCO,TLAXCALA
30,TERRENATE,TLAXCALA
31,TETLA DE LA SOLIDARIDAD,TLAXCALA
32,TETLATLAHUCA,TLAXCALA
33,TLAXCALA,TLAXCALA
34,TLAXCO,TLAXCALA
35,TOCATLAN,TLAXCALA
36,TOTOLAC,TLAXCALA
38,TZOMPANTEPEC,TLAXCALA
39,XALOZTOC,TLAXCALA
40,XALTOCAN,TLAXCALA
42,XICOHTZINCO,TLAXCALA
43,YAUHQUEMEHCAN,TLAXCALA
44,ZACATELCO,TLAXCALA
37,ZILTLALTEPEC DE TRINIDAD SANCHEZ SANTOS,TLAXCALA
1,ACAJETE,VERACRUZ DE IGNACIO DE LA LLAVE
2,ACATLAN,VERACRUZ DE IGNACIO DE LA LLAVE
3,ACAYUCAN,VERACRUZ DE IGNACIO DE LA LLAVE
4,ACTOPAN,VERACRUZ DE IGNACIO DE LA LLAVE
5,ACULA,VERACRUZ DE IGNACIO DE LA LLAVE
6,ACULTZINGO,VERACRUZ DE IGNACIO DE LA LLAVE
204,AGUA DULCE,VERACRUZ DE IGNACIO DE LA LLAVE
160,ALAMO TEMAPACHE,VERACRUZ DE IGNACIO DE LA LLAVE
8,ALPATLAHUA,VERACRUZ DE IGNACIO DE LA LLAVE
9,ALTO LUCERO DE GUTIERREZ BARRIOS,VERACRUZ DE IGNACIO DE LA LLAVE
10,ALTOTONGA,VERACRUZ DE IGNACIO DE LA LLAVE
11,ALVARADO,VERACRUZ DE IGNACIO DE LA LLAVE
12,AMATITLAN,VERACRUZ DE IGNACIO DE LA LLAVE
14,AMATLAN DE LOS REYES,VERACRUZ DE IGNACIO DE LA LLAVE
15,ANGEL R. CABADA,VERACRUZ DE IGNACIO DE LA LLAVE
17,APAZAPAN,VERACRUZ DE IGNACIO DE LA LLAVE
18,AQUILA,VERACRUZ DE IGNACIO DE LA LLAVE
19,ASTACINGA,VERACRUZ DE IGNACIO DE LA LLAVE
20,ATLAHUILCO,VERACRUZ DE IGNACIO DE LA LLAVE
21,ATOYAC,VERACRUZ DE IGNACIO DE LA LLAVE
22,ATZACAN,VERACRUZ DE IGNACIO DE LA LLAVE
23,ATZALAN,VERACRUZ DE IGNACIO DE LA LLAVE
25,AYAHUALULCO,VERACRUZ DE IGNACIO DE LA LLAVE
26,BANDERILLA,VERACRUZ DE IGNACIO DE LA LLAVE
27,BENITO JUAREZ,VERACRUZ DE IGNACIO DE LA LLAVE
28,BOCA DEL RIO,VERACRUZ DE IGNACIO DE LA LLAVE
29,CALCAHUALCO,VERACRUZ DE IGNACIO DE LA LLAVE
7,CAMARON DE TEJEDA,VERACRUZ DE IGNACIO DE LA LLAVE
30,CAMERINO Z. MENDOZA,VERACRUZ DE IGNACIO DE LA LLAVE
208,CARLOS A. CARRILLO,VERACRUZ DE IGNACIO DE LA LLAVE
31,CARRILLO PUERTO,VERACRUZ DE IGNACIO DE LA LLAVE
157,CASTILLO DE TEAYO,VERACRUZ DE IGNACIO DE LA LLAVE
32,CATEMACO,VERACRUZ DE IGNACIO DE LA LLAVE
33,CAZONES DE HERRERA,VERACRUZ DE IGNACIO DE LA LLAVE
34,CERRO AZUL,VERACRUZ DE IGNACIO DE LA LLAVE
54,CHACALTIANGUIS,VERACRUZ DE IGNACIO DE LA LLAVE
55,CHALMA,VERACRUZ DE IGNACIO DE LA LLAVE
56,CHICONAMEL,VERACRUZ DE IGNACIO DE LA LLAVE
57,CHICONQUIACO,VERACRUZ DE IGNACIO DE LA LLAVE
58,CHICONTEPEC,VERACRUZ DE IGNACIO DE LA LLAVE
59,CHINAMECA,VERACRUZ DE IGNACIO DE LA LLAVE
60,CHINAMPA DE GOROSTIZA,VERACRUZ DE IGNACIO DE LA LLAVE
62,CHOCAMAN,VERACRUZ DE IGNACIO DE LA LLAVE
63,CHONTLA,VERACRUZ DE IGNACIO DE LA LLAVE
64,CHUMATLAN,VERACRUZ DE IGNACIO DE LA LLAVE
35,CITLALTEPETL,VERACRUZ DE IGNACIO DE LA LLAVE
36,COACOATZINTLA,VERACRUZ DE IGNACIO DE LA LLAVE
37,COAHUITLAN,VERACRUZ DE IGNACIO DE LA LLAVE
38,COATEPEC,VERACRUZ DE IGNACIO DE LA LLAVE
39,COATZACOALCOS,VERACRUZ DE IGNACIO DE LA LLAVE
40,COATZINTLA,VERACRUZ DE IGNACIO DE LA LLAVE
41,COETZALA,VERACRUZ DE IGNACIO DE LA LLAVE
42,COLIPA,VERACRUZ DE IGNACIO DE LA LLAVE
43,COMAPA,VERACRUZ DE IGNACIO DE LA LLAVE
44,CORDOBA,VERACRUZ DE IGNACIO DE LA LLAVE
45,COSAMALOAPAN DE CARPIO,VERACRUZ DE IGNACIO DE LA LLAVE
46,COSAUTLAN DE CARVAJAL,VERACRUZ DE IGNACIO DE LA LLAVE
47,COSCOMATEPEC,VERACRUZ DE IGNACIO DE LA LLAVE
48,COSOLEACAQUE,VERACRUZ DE IGNACIO DE LA LLAVE
49,COTAXTLA,VERACRUZ DE IGNACIO DE LA LLAVE
50,COXQUIHUI,VERACRUZ DE IGNACIO DE LA LLAVE
51,COYUTLA,VERACRUZ DE IGNACIO DE LA LLAVE
52,CUICHAPA,VERACRUZ DE IGNACIO DE LA LLAVE
53,CUITLAHUAC,VERACRUZ DE IGNACIO DE LA LLAVE
205,EL HIGO,VERACRUZ DE IGNACIO DE LA LLAVE
65,EMILIANO ZAPATA,VERACRUZ DE IGNACIO DE LA LLAVE
66,ESPINAL,VERACRUZ DE IGNACIO DE LA LLAVE
67,FILOMENO MATA,VERACRUZ DE IGNACIO DE LA LLAVE
68,FORTIN,VERACRUZ DE IGNACIO DE LA LLAVE
69,GUTIERREZ ZAMORA,VERACRUZ DE IGNACIO DE LA LLAVE
70,HIDALGOTITLAN,VERACRUZ DE IGNACIO DE LA LLAVE
71,HUATUSCO,VERACRUZ DE IGNACIO DE LA LLAVE
72,HUAYACOCOTLA,VERACRUZ DE IGNACIO DE LA LLAVE
73,HUEYAPAN DE OCAMPO,VERACRUZ DE IGNACIO DE LA LLAVE
74,HUILOAPAN DE CUAUHTEMOC,VERACRUZ DE IGNACIO DE LA LLAVE
75,IGNACIO DE LA LLAVE,VERACRUZ DE IGNACIO DE LA LLAVE
76,ILAMATLAN,VERACRUZ DE IGNACIO DE LA LLAVE
77,ISLA,VERACRUZ DE IGNACIO DE LA LLAVE
78,IXCATEPEC,VERACRUZ DE IGNACIO DE LA LLAVE
79,IXHUACAN DE LOS REYES,VERACRUZ DE IGNACIO DE LA LLAVE
83,IXHUATLAN DE MADERO,VERACRUZ DE IGNACIO DE LA LLAVE
80,IXHUATLAN DEL CAFE,VERACRUZ DE IGNACIO DE LA LLAVE
82,IXHUATLAN DEL SURESTE,VERACRUZ DE IGNACIO DE LA LLAVE
81,IXHUATLANCILLO,VERACRUZ DE IGNACIO DE LA LLAVE
84,IXMATLAHUACAN,VERACRUZ DE IGNACIO DE LA LLAVE
85,IXTACZOQUITLAN,VERACRUZ DE IGNACIO DE LA LLAVE
86,JALACINGO,VERACRUZ DE IGNACIO DE LA LLAVE
88,JALCOMULCO,VERACRUZ DE IGNACIO DE LA LLAVE
89,JALTIPAN,VERACRUZ DE IGNACIO DE LA LLAVE
90,JAMAPA,VERACRUZ DE IGNACIO DE LA LLAVE
91,JESUS CARRANZA,VERACRUZ DE IGNACIO DE LA LLAVE
93,JILOTEPEC,VERACRUZ DE IGNACIO DE LA LLAVE
169,JOSE AZUETA,VERACRUZ DE IGNACIO DE LA LLAVE
94,JUAN RODRIGUEZ CLARA,VERACRUZ DE IGNACIO DE LA LLAVE
95,JUCHIQUE DE FERRER,VERACRUZ DE IGNACIO DE LA LLAVE
16,LA ANTIGUA,VERACRUZ DE IGNACIO DE LA LLAVE
127,LA PERLA,VERACRUZ DE IGNACIO DE LA LLAVE
96,LANDERO Y COSS,VERACRUZ DE IGNACIO DE LA LLAVE
61,LAS CHOAPAS,VERACRUZ DE IGNACIO DE LA LLAVE
107,LAS MINAS,VERACRUZ DE IGNACIO DE LA LLAVE
132,LAS VIGAS DE RAMIREZ,VERACRUZ DE IGNACIO DE LA LLAVE
97,LERDO DE TEJADA,VERACRUZ DE IGNACIO DE LA LLAVE
137,LOS REYES,VERACRUZ DE IGNACIO DE LA LLAVE
98,MAGDALENA,VERACRUZ DE IGNACIO DE LA LLAVE
99,MALTRATA,VERACRUZ DE IGNACIO DE LA LLAVE
100,MANLIO FABIO ALTAMIRANO,VERACRUZ DE IGNACIO DE LA LLAVE
101,MARIANO ESCOBEDO,VERACRUZ DE IGNACIO DE LA LLAVE
102,MARTINEZ DE LA TORRE,VERACRUZ DE IGNACIO DE LA LLAVE
103,MECATLAN,VERACRUZ DE IGNACIO DE LA LLAVE
104,MECAYAPAN,VERACRUZ DE IGNACIO DE LA LLAVE
105,MEDELLIN,VERACRUZ DE IGNACIO DE LA LLAVE
106,MIAHUATLAN,VERACRUZ DE IGNACIO DE LA LLAVE
108,MINATITLAN,VERACRUZ DE IGNACIO DE LA LLAVE
109,MISANTLA,VERACRUZ DE IGNACIO DE LA LLAVE
110,MIXTLA DE ALTAMIRANO,VERACRUZ DE IGNACIO DE LA LLAVE
111,MOLOACAN,VERACRUZ DE IGNACIO DE LA LLAVE
206,NANCHITAL DE LAZARO CARDENAS DEL RIO,VERACRUZ DE IGNACIO DE LA LLAVE
112,NAOLINCO,VERACRUZ DE IGNACIO DE LA LLAVE
113,NARANJAL,VERACRUZ DE IGNACIO DE LA LLAVE
13,NARANJOS AMATLAN,VERACRUZ DE IGNACIO DE LA LLAVE
114,NAUTLA,VERACRUZ DE IGNACIO DE LA LLAVE
115,NOGALES,VERACRUZ DE IGNACIO DE LA LLAVE
116,OLUTA,VERACRUZ DE IGNACIO DE LA LLAVE
117,OMEALCA,VERACRUZ DE IGNACIO DE LA LLAVE
118,ORIZABA,VERACRUZ DE IGNACIO DE LA LLAVE
119,OTATITLAN,VERACRUZ DE IGNACIO DE LA LLAVE
120,OTEAPAN,VERACRUZ DE IGNACIO DE LA LLAVE
121,OZULUAMA,VERACRUZ DE IGNACIO DE LA LLAVE
122,PAJAPAN,VERACRUZ DE IGNACIO DE LA LLAVE
123,PANUCO,VERACRUZ DE IGNACIO DE LA LLAVE
124,PAPANTLA,VERACRUZ DE IGNACIO DE LA LLAVE
126,PASO DE OVEJAS,VERACRUZ DE IGNACIO DE LA LLAVE
125,PASO DEL MACHO,VERACRUZ DE IGNACIO DE LA LLAVE
128,PEROTE,VERACRUZ DE IGNACIO DE LA LLAVE
129,PLATON SANCHEZ,VERACRUZ DE IGNACIO DE LA LLAVE
130,PLAYA VICENTE,VERACRUZ DE IGNACIO DE LA LLAVE
131,POZA RICA DE HIDALGO,VERACRUZ DE IGNACIO DE LA LLAVE
133,PUEBLO VIEJO,VERACRUZ DE IGNACIO DE LA LLAVE
134,PUENTE NACIONAL,VERACRUZ DE IGNACIO DE LA LLAVE
135,RAFAEL DELGADO,VERACRUZ DE IGNACIO DE LA LLAVE
136,RAFAEL LUCIO,VERACRUZ DE IGNACIO DE LA LLAVE
138,RIO BLANCO,VERACRUZ DE IGNACIO DE LA LLAVE
139,SALTABARRANCA,VERACRUZ DE IGNACIO DE LA LLAVE
140,SAN ANDRES TENEJAPAN,VERACRUZ DE IGNACIO DE LA LLAVE
141,SAN ANDRES TUXTLA,VERACRUZ DE IGNACIO DE LA LLAVE
142,SAN JUAN EVANGELISTA,VERACRUZ DE IGNACIO DE LA LLAVE
211,SAN RAFAEL,VERACRUZ DE IGNACIO DE LA LLAVE
212,SANTIAGO SOCHIAPAN,VERACRUZ DE IGNACIO DE LA LLAVE
143,SANTIAGO TUXTLA,VERACRUZ DE IGNACIO DE LA LLAVE
144,SAYULA DE ALEMAN,VERACRUZ DE IGNACIO DE LA LLAVE
146,SOCHIAPA,VERACRUZ DE IGNACIO DE LA LLAVE
145,SOCONUSCO,VERACRUZ DE IGNACIO DE LA LLAVE
147,SOLEDAD ATZOMPA,VERACRUZ DE IGNACIO DE LA LLAVE
148,SOLEDAD DE DOBLADO,VERACRUZ DE IGNACIO DE LA LLAVE
149,SOTEAPAN,VERACRUZ DE IGNACIO DE LA LLAVE
180,TACHICHILCO,VERACRUZ DE IGNACIO DE LA LLAVE
150,TAMALIN,VERACRUZ DE IGNACIO DE LA LLAVE
151,TAMIAHUA,VERACRUZ DE IGNACIO DE LA LLAVE
152,TAMPICO ALTO,VERACRUZ DE IGNACIO DE LA LLAVE
153,TANCOCO,VERACRUZ DE IGNACIO DE LA LLAVE
154,TANTIMA,VERACRUZ DE IGNACIO DE LA LLAVE
155,TANTOYUCA,VERACRUZ DE IGNACIO DE LA LLAVE
209,TATAHUICAPAN DE JUAREZ,VERACRUZ DE IGNACIO DE LA LLAVE
156,TATATILA,VERACRUZ DE IGNACIO DE LA LLAVE
158,TECOLUTLA,VERACRUZ DE IGNACIO DE LA LLAVE
159,TEHUIPANGO,VERACRUZ DE IGNACIO DE LA LLAVE
161,TEMPOAL,VERACRUZ DE IGNACIO DE LA LLAVE
162,TENAMPA,VERACRUZ DE IGNACIO DE LA LLAVE
163,TENOCHTITLAN,VERACRUZ DE IGNACIO DE LA LLAVE
164,TEOCELO,VERACRUZ DE IGNACIO DE LA LLAVE
165,TEPATLAXCO,VERACRUZ DE IGNACIO DE LA LLAVE
166,TEPETLAN,VERACRUZ DE IGNACIO DE LA LLAVE
167,TEPETZINTLA,VERACRUZ DE IGNACIO DE LA LLAVE
168,TEQUILA,VERACRUZ DE IGNACIO DE LA LLAVE
170,TEXCATEPEC,VERACRUZ DE IGNACIO DE LA LLAVE
171,TEXHUACAN,VERACRUZ DE IGNACIO DE LA LLAVE
172,TEXISTEPEC,VERACRUZ DE IGNACIO DE LA LLAVE
173,TEZONAPA,VERACRUZ DE IGNACIO DE LA LLAVE
174,TIERRA BLANCA,VERACRUZ DE IGNACIO DE LA LLAVE
175,TIHUATLAN,VERACRUZ DE IGNACIO DE LA LLAVE
176,TLACOJALPAN,VERACRUZ DE IGNACIO DE LA LLAVE
177,TLACOLULAN,VERACRUZ DE IGNACIO DE LA LLAVE
178,TLACOTALPAN,VERACRUZ DE IGNACIO DE LA LLAVE
179,TLACOTEPEC DE MEJIA,VERACRUZ DE IGNACIO DE LA LLAVE
181,TLALIXCOYAN,VERACRUZ DE IGNACIO DE LA LLAVE
24,TLALTETELA,VERACRUZ DE IGNACIO DE LA LLAVE
182,TLANELHUAYOCAN,VERACRUZ DE IGNACIO DE LA LLAVE
183,TLAPACOYAN,VERACRUZ DE IGNACIO DE LA LLAVE
184,TLAQUILPA,VERACRUZ DE IGNACIO DE LA LLAVE
185,TLILAPAN,VERACRUZ DE IGNACIO DE LA LLAVE
186,TOMATLAN,VERACRUZ DE IGNACIO DE LA LLAVE
187,TONAYAN,VERACRUZ DE IGNACIO DE LA LLAVE
188,TOTUTLA,VERACRUZ DE IGNACIO DE LA LLAVE
207,TRES VALLES,VERACRUZ DE IGNACIO DE LA LLAVE
189,TUXPAN,VERACRUZ DE IGNACIO DE LA LLAVE
190,TUXTILLA,VERACRUZ DE IGNACIO DE LA LLAVE
191,URSULO GALVAN,VERACRUZ DE IGNACIO DE LA LLAVE
210,UXPANAPA,VERACRUZ DE IGNACIO DE LA LLAVE
192,VEGA DE ALATORRE,VERACRUZ DE IGNACIO DE LA LLAVE
193,VERACRUZ,VERACRUZ DE IGNACIO DE LA LLAVE
194,VILLA ALDAMA,VERACRUZ DE IGNACIO DE LA LLAVE
87,XALAPA,VERACRUZ DE IGNACIO DE LA LLAVE
92,XICO,VERACRUZ DE IGNACIO DE LA LLAVE
195,XOXOCOTLA,VERACRUZ DE IGNACIO DE LA LLAVE
196,YANGA,VERACRUZ DE IGNACIO DE LA LLAVE
197,YECUATLA,VERACRUZ DE IGNACIO DE LA LLAVE
198,ZACUALPAN,VERACRUZ DE IGNACIO DE LA LLAVE
199,ZARAGOZA,VERACRUZ DE IGNACIO DE LA LLAVE
200,ZENTLA,VERACRUZ DE IGNACIO DE LA LLAVE
201,ZONGOLICA,VERACRUZ DE IGNACIO DE LA LLAVE
202,ZONTECOMATLAN DE LOPEZ Y FUENTES,VERACRUZ DE IGNACIO DE LA LLAVE
203,ZOZOCOLCO DE HIDALGO,VERACRUZ DE IGNACIO DE LA LLAVE
1,ABALA,YUCATAN
2,ACANCEH,YUCATAN
3,AKIL,YUCATAN
4,BACA,YUCATAN
5,BOKOBA,YUCATAN
6,BUCTZOTZ,YUCATAN
7,CACALCHEN,YUCATAN
8,CALOTMUL,YUCATAN
9,CANSAHCAB,YUCATAN
10,CANTAMAYEC,YUCATAN
11,CELESTUN,YUCATAN
12,CENOTILLO,YUCATAN
16,CHACSINKIN,YUCATAN
17,CHANKOM,YUCATAN
18,CHAPAB,YUCATAN
19,CHEMAX,YUCATAN
21,CHICHIMILA,YUCATAN
20,CHICXULUB PUEBLO,YUCATAN
22,CHIKINDZONOT,YUCATAN
23,CHOCHOLA,YUCATAN
24,CHUMAYEL,YUCATAN
13,CONKAL,YUCATAN
14,CUNCUNUL,YUCATAN
15,CUZAMA,YUCATAN
25,DZAN,YUCATAN
26,DZEMUL,YUCATAN
27,DZIDZANTUN,YUCATAN
28,DZILAM DE BRAVO,YUCATAN
29,DZILAM GONZALEZ,YUCATAN
30,DZITAS,YUCATAN
31,DZONCUAICH,YUCATAN
32,ESPITA,YUCATAN
33,HALACHO,YUCATAN
34,HOCABA,YUCATAN
35,HOCTUN,YUCATAN
36,HOMUN,YUCATAN
37,HUHI,YUCATAN
38,HUNUCMA,YUCATAN
39,IXIL,YUCATAN
40,IZAMAL,YUCATAN
41,KANASIN,YUCATAN
42,KANTUNIL,YUCATAN
43,KAUA,YUCATAN
44,KINCHIL,YUCATAN
45,KOPOMA,YUCATAN
46,MAMA,YUCATAN
47,MANI,YUCATAN
48,MAXCANU,YUCATAN
49,MAYAPAN,YUCATAN
50,MERIDA,YUCATAN
51,MOCOCHA,YUCATAN
52,MOTUL,YUCATAN
53,MUNA,YUCATAN
54,MUXUPIP,YUCATAN
55,OPICHEN,YUCATAN
56,OXKUTZCAB,YUCATAN
57,PANABA,YUCATAN
58,PETO,YUCATAN
59,PROGRESO,YUCATAN
60,QUINTANA ROO,YUCATAN
61,RIO LAGARTOS,YUCATAN
62,SACALUM,YUCATAN
63,SAMAHIL,YUCATAN
65,SAN FELIPE,YUCATAN
64,SANAHCAT,YUCATAN
66,SANTA ELENA,YUCATAN
67,SEYE,YUCATAN
68,SINANCHE,YUCATAN
69,SOTUTA,YUCATAN
70,SUCILA,YUCATAN
71,SUDZAL,YUCATAN
72,SUMA,YUCATAN
73,TAHDZIU,YUCATAN
74,TAHMEX,YUCATAN
75,TEABO,YUCATAN
76,TECOH,YUCATAN
77,TEKAL DE VENEGAS,YUCATAN
78,TEKANTO,YUCATAN
79,TEKAX,YUCATAN
80,TEKIT,YUCATAN
81,TEKOM,YUCATAN
82,TELCHAC PUEBLO,YUCATAN
83,TELCHAC PUERTO,YUCATAN
84,TEMAX,YUCATAN
85,TEMOZON,YUCATAN
86,TEPAKAN,YUCATAN
87,TETIZ,YUCATAN
88,TEYA,YUCATAN
89,TICUL,YUCATAN
90,TIMUCUY,YUCATAN
91,TINUM,YUCATAN
92,TIXCACALCUPUL,YUCATAN
93,TIXKOKOB,YUCATAN
94,TIXMEUAC,YUCATAN
95,TIXPEUAL,YUCATAN
96,TIZIMIN,YUCATAN
97,TUNKAS,YUCATAN
98,TZUCACAB,YUCATAN
99,UAYMA,YUCATAN
100,UCU,YUCATAN
101,UMAN,YUCATAN
102,VALLADOLID,YUCATAN
103,XOCCHEL,YUCATAN
104,YAXCABA,YUCATAN
105,YAXKUKUL,YUCATAN
106,YOBAIN,YUCATAN
1,APOZOL,ZACATECAS
2,APULCO,ZACATECAS
3,ATOLINGA,ZACATECAS
4,BENITO JUAREZ,ZACATECAS
5,CALERA,ZACATECAS
6,CANITAS DE FELIPE PESCADOR,ZACATECAS
9,CHALCHIHUITES,ZACATECAS
7,CONCEPCION DEL ORO,ZACATECAS
8,CUAUHTEMOC,ZACATECAS
41,EL SALVADOR,ZACATECAS
10,FRESNILLO,ZACATECAS
12,GENARO CODINA,ZACATECAS
13,GENERAL ENRIQUE ESTRADA,ZACATECAS
14,GENERAL FRANCISCO MURGUIA,ZACATECAS
15,GENERAL JOAQUIN AMARO,ZACATECAS
16,GENERAL PANFILO NATERA,ZACATECAS
17,GUADALUPE,ZACATECAS
18,HUANUSCO,ZACATECAS
19,JALPA,ZACATECAS
20,JEREZ,ZACATECAS
21,JIMENEZ DE TEUL,ZACATECAS
22,JUAN ALDAMA,ZACATECAS
23,JUCHIPILA,ZACATECAS
24,LORETO,ZACATECAS
25,LUIS MOYA,ZACATECAS
26,MAZAPIL,ZACATECAS
27,MELCHOR OCAMPO,ZACATECAS
28,MEZQUITAL DEL ORO,ZACATECAS
29,MIGUEL AUZA,ZACATECAS
30,MOMAX,ZACATECAS
31,MONTE ESCOBEDO,ZACATECAS
32,MORELOS,ZACATECAS
33,MOYAHUA DE ESTRADA,ZACATECAS
34,NOCHISTLAN DE MEJIA,ZACATECAS
35,NORIA DE ANGELES,ZACATECAS
36,OJOCALIENTE,ZACATECAS
37,PANUCO,ZACATECAS
38,PINOS,ZACATECAS
39,RIO GRANDE,ZACATECAS
40,SAIN ALTO,ZACATECAS
42,SOMBRERETE,ZACATECAS
43,SUSTICACAN,ZACATECAS
44,TABASCO,ZACATECAS
45,TEPECHITLAN,ZACATECAS
46,TEPETONGO,ZACATECAS
47,TEUL DE GONZALEZ ORTEGA,ZACATECAS
48,TLALTENANGO DE SANCHEZ ROMAN,ZACATECAS
57,TRANCOSO,ZACATECAS
11,TRINIDAD GARCIA DE LA CADENA,ZACATECAS
49,VALPARAISO,ZACATECAS
50,VETAGRANDE,ZACATECAS
51,VILLA DE COS,ZACATECAS
52,VILLA GARCIA,ZACATECAS
53,VILLA GONZALEZ ORTEGA,ZACATECAS
54,VILLA HIDALGO,ZACATECAS
55,VILLANUEVA,ZACATECAS
56,ZACATECAS,ZACATECAS
